	マンション名	住所	立地1	立地2	立地3	築年数	建物高さ	階	賃料	管理費	敷/礼/保証/敷引,償却	間取り	専有面積
0	パティオ神田	東京都千代田区岩本町２	ＪＲ山手線/神田駅 歩6分	ＪＲ総武線/秋葉原駅 歩9分	東京メトロ銀座線/三越前駅 歩10分	築6年	地下3地上41階建	8階	9.8万円	12000円	-/-/9.8万円/-	1K	25.03m
1	パティオ神田	東京都千代田区岩本町２	ＪＲ山手線/神田駅 歩6分	ＪＲ総武線/秋葉原駅 歩9分	東京メトロ銀座線/三越前駅 歩10分	築6年	地下3地上41階建	8階	10.7万円	12000円	-/-/21.4万円/21.4万円	1K	25.03m
2	パティオ神田	東京都千代田区岩本町２	ＪＲ山手線/神田駅 歩6分	ＪＲ総武線/秋葉原駅 歩9分	東京メトロ銀座線/三越前駅 歩10分	築6年	地下3地上41階建	8階	10.7万円	12000円	-/-/21.4万円/21.4万円	1K	25.01m
3	パティオ神田	東京都千代田区岩本町２	ＪＲ山手線/神田駅 歩6分	ＪＲ総武線/秋葉原駅 歩9分	東京メトロ銀座線/三越前駅 歩10分	築6年	地下3地上41階建	9階	10.9万円	12000円	-/-/21.8万円/-	1K	25.04m
4	パティオ神田	東京都千代田区岩本町２	ＪＲ山手線/神田駅 歩6分	ＪＲ総武線/秋葉原駅 歩9分	東京メトロ銀座線/三越前駅 歩10分	築6年	地下3地上41階建	8階	11.7万円	8000円	-/-/-/-	1K	25.01m
5	パティオ神田	東京都千代田区岩本町２	ＪＲ山手線/神田駅 歩6分	ＪＲ総武線/秋葉原駅 歩9分	東京メトロ銀座線/三越前駅 歩10分	築6年	地下3地上41階建	8階	11.7万円	12000円	-/-/-/-	1K	25.04m
6	パティオ神田	東京都千代田区岩本町２	ＪＲ山手線/神田駅 歩6分	ＪＲ総武線/秋葉原駅 歩9分	東京メトロ銀座線/三越前駅 歩10分	築6年	地下3地上41階建	9階	11.9万円	12000円	-/-/-/-	1K	25.04m
7	パティオ神田	東京都千代田区岩本町２	ＪＲ山手線/神田駅 歩6分	ＪＲ総武線/秋葉原駅 歩9分	東京メトロ銀座線/三越前駅 歩10分	築6年	地下3地上41階建	13階	12.9万円	12000円	-/-/25.8万円/25.8万円	1LDK	30.19m
8	パティオ神田	東京都千代田区岩本町２	ＪＲ山手線/神田駅 歩6分	ＪＲ総武線/秋葉原駅 歩9分	東京メトロ銀座線/三越前駅 歩10分	築6年	地下3地上41階建	13階	12.9万円	12000円	-/-/25.8万円/-	1K	30.19m
9	パティオ神田	東京都千代田区岩本町２	ＪＲ山手線/神田駅 歩6分	ＪＲ総武線/秋葉原駅 歩9分	東京メトロ銀座線/三越前駅 歩10分	築6年	地下3地上41階建	13階	13.9万円	12000円	-/-/-/-	1LDK	30.19m
10	パティオ神田	東京都千代田区岩本町２	ＪＲ山手線/神田駅 歩6分	ＪＲ総武線/秋葉原駅 歩9分	東京メトロ銀座線/三越前駅 歩10分	築6年	地下3地上41階建	5階	17.5万円	12000円	-/-/35万円/-	1LDK	45.81m
11	ＪＲ山手線 秋葉原駅 12階建 築12年	東京都千代田区岩本町３	ＪＲ山手線/秋葉原駅 歩5分	ＪＲ総武線快速/馬喰町駅 歩7分	都営新宿線/岩本町駅 歩3分	築6年	地下3地上41階建	8階	9.9万円	-	9.9万円/9.9万円/-/-	ワンルーム	31.01m
12	ＪＲ山手線 秋葉原駅 12階建 築12年	東京都千代田区岩本町３	ＪＲ山手線/秋葉原駅 歩5分	ＪＲ総武線快速/馬喰町駅 歩7分	都営新宿線/岩本町駅 歩3分	築6年	地下3地上41階建	8階	9.9万円	-	9.9万円/9.9万円/-/-	ワンルーム	31.01m
13	ワテラスタワーレジデンス	東京都千代田区神田淡路町２	ＪＲ中央線/御茶ノ水駅 歩4分	東京メトロ千代田線/新御茶ノ水駅 歩3分	都営新宿線/小川町駅 歩4分	築6年	地下3地上41階建	30階	27万円	-	54万円/27万円/-/-	1LDK	51.04m
14	ワテラスタワーレジデンス	東京都千代田区神田淡路町２	ＪＲ中央線/御茶ノ水駅 歩4分	東京メトロ千代田線/新御茶ノ水駅 歩3分	都営新宿線/小川町駅 歩4分	築6年	地下3地上41階建	30階	48万円	-	96万円/48万円/-/-	2LDK	81.71m
15	ワテラスタワーレジデンス	東京都千代田区神田淡路町２	ＪＲ中央線/御茶ノ水駅 歩4分	東京メトロ千代田線/新御茶ノ水駅 歩3分	都営新宿線/小川町駅 歩4分	築6年	地下3地上41階建	22階	65万円	-	65万円/65万円/-/-	4K	104.18m
16	ワテラスタワーレジデンス	東京都千代田区神田淡路町２	ＪＲ中央線/御茶ノ水駅 歩4分	東京メトロ千代田線/新御茶ノ水駅 歩3分	都営新宿線/小川町駅 歩4分	築6年	地下3地上41階建	22階	65万円	-	65万円/65万円/-/-	4K	104.18m
17	ザ・パークハウス千代田麹町	東京都千代田区麹町６	東京メトロ丸ノ内線/四ツ谷駅 歩3分	東京メトロ有楽町線/麹町駅 歩6分	東京メトロ有楽町線/市ヶ谷駅 歩15分	築6年	地下3地上41階建	11階	39.8万円	-	79.6万円/39.8万円/-/-	2LDK	75.57m
18	ザ・パークハウス千代田麹町	東京都千代田区麹町６	東京メトロ丸ノ内線/四ツ谷駅 歩3分	東京メトロ有楽町線/麹町駅 歩6分	東京メトロ有楽町線/市ヶ谷駅 歩15分	築6年	地下3地上41階建	9階	42万円	-	84万円/42万円/-/-	3LDK	80.12m
19	プルデンシャルタワーレジデンス	東京都千代田区永田町２	東京メトロ銀座線/赤坂見附駅 歩1分	東京メトロ半蔵門線/永田町駅 歩5分	東京メトロ千代田線/赤坂駅 歩7分	築6年	地下3地上41階建	26階	85万円	-	340万円/-/-/-	2LDK	140.17m
20	プルデンシャルタワーレジデンス	東京都千代田区永田町２	東京メトロ銀座線/赤坂見附駅 歩1分	東京メトロ半蔵門線/永田町駅 歩5分	東京メトロ千代田線/赤坂駅 歩7分	築6年	地下3地上41階建	34階	100万円	-	400万円/-/-/-	3LDK	164.22m
21	日興パレス三番町	東京都千代田区三番町	東京メトロ半蔵門線/半蔵門駅 歩8分	東京メトロ東西線/九段下駅 歩11分	ＪＲ中央線/市ヶ谷駅 歩11分	築6年	地下3地上41階建	4階	6.9万円	-	6.9万円/-/-/-	ワンルーム	16.33m
22	パークコート千代田富士見ザタワー	東京都千代田区富士見２	ＪＲ中央線/飯田橋駅 歩3分			築6年	地下3地上41階建	12階	28.5万円	-	57万円/57万円/-/-	1LDK	45.97m
23	パークコート千代田富士見ザタワー	東京都千代田区富士見２	ＪＲ中央線/飯田橋駅 歩3分			築6年	地下3地上41階建	4階	35万円	10000円	70万円/35万円/-/-	2LDK	55.97m
24	パークコート千代田富士見ザタワー	東京都千代田区富士見２	ＪＲ中央線/飯田橋駅 歩3分			築6年	地下3地上41階建	22階	38万円	-	76万円/38万円/-/-	1SLDK	64.47m
25	パークコート千代田富士見ザタワー	東京都千代田区富士見２	ＪＲ中央線/飯田橋駅 歩3分			築6年	地下3地上41階建	30階	43万円	-	86万円/43万円/-/-	2SLDK	78.82m
26	パークコート千代田富士見ザタワー	東京都千代田区富士見２	ＪＲ中央線/飯田橋駅 歩3分			築6年	地下3地上41階建	37階	75万円	-	150万円/150万円/-/-	3LDK	88.21m
27	チェスターハウス九段下	東京都千代田区飯田橋２	東京メトロ東西線/飯田橋駅 歩4分	都営新宿線/九段下駅 歩6分	東京メトロ有楽町線/飯田橋駅 歩4分	築6年	地下3地上41階建	7階	22.4万円	8000円	22.4万円/22.4万円/-/-	2LDK	54.54m
28	チェスターハウス九段下	東京都千代田区飯田橋２	東京メトロ東西線/飯田橋駅 歩4分	都営新宿線/九段下駅 歩6分	東京メトロ有楽町線/飯田橋駅 歩4分	築6年	地下3地上41階建	6階	22.4万円	8000円	22.4万円/22.4万円/-/-	2LDK	54.54m
29	ザ・パークハウスグラン千鳥ヶ淵	東京都千代田区三番町	東京メトロ半蔵門線/半蔵門駅 歩7分	東京メトロ東西線/九段下駅 歩12分	東京メトロ有楽町線/麹町駅 歩12分	築6年	地下3地上41階建	2階	48万円	-	96万円/48万円/-/-	2LDK	72.26m
30	ザ・パークハウスグラン千鳥ヶ淵	東京都千代田区三番町	東京メトロ半蔵門線/半蔵門駅 歩7分	東京メトロ東西線/九段下駅 歩12分	東京メトロ有楽町線/麹町駅 歩12分	築6年	地下3地上41階建	3階	61万円	-	61万円/61万円/-/-	3LDK	100.13m
31	ザ・パークハウスグラン千鳥ヶ淵	東京都千代田区三番町	東京メトロ半蔵門線/半蔵門駅 歩7分	東京メトロ東西線/九段下駅 歩12分	東京メトロ有楽町線/麹町駅 歩12分	築6年	地下3地上41階建	2階	70万円	-	70万円/70万円/-/-	3LDK	113.01m
32	ザ・パークハウスグラン千鳥ヶ淵	東京都千代田区三番町	東京メトロ半蔵門線/半蔵門駅 歩7分	東京メトロ東西線/九段下駅 歩12分	東京メトロ有楽町線/麹町駅 歩12分	築6年	地下3地上41階建	3階	70万円	-	140万円/-/-/-	3LDK	100.13m
33	ザ・パークハウスグラン千鳥ヶ淵	東京都千代田区三番町	東京メトロ半蔵門線/半蔵門駅 歩7分	東京メトロ東西線/九段下駅 歩12分	東京メトロ有楽町線/麹町駅 歩12分	築6年	地下3地上41階建	2階	73万円	-	73万円/73万円/-/-	3LDK	120.65m
34	ザ・パークハウスグラン千鳥ヶ淵	東京都千代田区三番町	東京メトロ半蔵門線/半蔵門駅 歩7分	東京メトロ東西線/九段下駅 歩12分	東京メトロ有楽町線/麹町駅 歩12分	築6年	地下3地上41階建	5階	95万円	-	190万円/95万円/-/-	2LDK	113.01m
35	レジディア御茶ノ水II	東京都千代田区外神田２	東京メトロ銀座線/末広町駅 歩5分	東京メトロ丸ノ内線/御茶ノ水駅 歩6分	東京メトロ千代田線/湯島駅 歩7分	築6年	地下3地上41階建	10階	11.7万円	10000円	11.7万円/11.7万円/-/-	1K	25.14m
36	レジディア御茶ノ水II	東京都千代田区外神田２	東京メトロ銀座線/末広町駅 歩5分	東京メトロ丸ノ内線/御茶ノ水駅 歩6分	東京メトロ千代田線/湯島駅 歩7分	築6年	地下3地上41階建	10階	13.3万円	10000円	13.3万円/13.3万円/-/-	1DK	30.27m
37	レジディア御茶ノ水II	東京都千代田区外神田２	東京メトロ銀座線/末広町駅 歩5分	東京メトロ丸ノ内線/御茶ノ水駅 歩6分	東京メトロ千代田線/湯島駅 歩7分	築6年	地下3地上41階建	9階	21.3万円	10000円	42.6万円/21.3万円/-/-	2LDK	50.6m
38	番町パークハウス	東京都千代田区四番町	ＪＲ中央線/市ヶ谷駅 歩3分	東京メトロ半蔵門線/半蔵門駅 歩8分	ＪＲ中央線/四ツ谷駅 歩11分	築6年	地下3地上41階建	5階	42万円	-	84万円/42万円/-/-	1LDK	89.52m
39	番町パークハウス	東京都千代田区四番町	ＪＲ中央線/市ヶ谷駅 歩3分	東京メトロ半蔵門線/半蔵門駅 歩8分	ＪＲ中央線/四ツ谷駅 歩11分	築6年	地下3地上41階建	11階	45万円	-	45万円/45万円/-/-	2LDK	85.61m
40	番町パークハウス	東京都千代田区四番町	ＪＲ中央線/市ヶ谷駅 歩3分	東京メトロ半蔵門線/半蔵門駅 歩8分	ＪＲ中央線/四ツ谷駅 歩11分	築6年	地下3地上41階建	11階	45万円	-	45万円/45万円/-/-	2LDK	85.61m
41	番町パークハウス	東京都千代田区四番町	ＪＲ中央線/市ヶ谷駅 歩3分	東京メトロ半蔵門線/半蔵門駅 歩8分	ＪＲ中央線/四ツ谷駅 歩11分	築6年	地下3地上41階建	11階	48万円	-	48万円/48万円/-/-	2LDK	85.61m
42	番町パークハウス	東京都千代田区四番町	ＪＲ中央線/市ヶ谷駅 歩3分	東京メトロ半蔵門線/半蔵門駅 歩8分	ＪＲ中央線/四ツ谷駅 歩11分	築6年	地下3地上41階建	11階	48万円	-	48万円/48万円/-/-	2LDK	85.61m
43	番町パークハウス	東京都千代田区四番町	ＪＲ中央線/市ヶ谷駅 歩3分	東京メトロ半蔵門線/半蔵門駅 歩8分	ＪＲ中央線/四ツ谷駅 歩11分	築6年	地下3地上41階建	11階	48万円	-	48万円/48万円/-/-	2LDK	85.61m
44	ハーモニーレジデンス千代田岩本町	東京都千代田区岩本町１	東京メトロ日比谷線/小伝馬町駅 歩3分	ＪＲ山手線/神田駅 歩8分	都営新宿線/岩本町駅 歩8分	築6年	地下3地上41階建	12階	20.5万円	15000円	10.25万円/20.5万円/-/-	2LDK	54.66m
45	ハーモニーレジデンス千代田岩本町	東京都千代田区岩本町１	東京メトロ日比谷線/小伝馬町駅 歩3分	ＪＲ山手線/神田駅 歩8分	都営新宿線/岩本町駅 歩8分	築6年	地下3地上41階建	12階	20.5万円	15000円	10.25万円/20.5万円/-/-	2LDK	54.66m
46	ミュラーハウス	東京都千代田区一番町	東京メトロ半蔵門線/半蔵門駅 歩3分	都営新宿線/市ヶ谷駅 歩10分	東京メトロ有楽町線/麹町駅 歩7分	築6年	地下3地上41階建	7階	26万円	25000円	52万円/-/-/-	2LDK	72.3m
47	東京メトロ半蔵門線 半蔵門駅 7階建 築19年	東京都千代田区一番町	東京メトロ半蔵門線/半蔵門駅 歩3分	東京メトロ有楽町線/麹町駅 歩8分	東京メトロ有楽町線/市ヶ谷駅 歩11分	築6年	地下3地上41階建	7階	26万円	25000円	52万円/-/-/-	2LDK	72.3m
48	東京メトロ南北線 市ヶ谷駅 9階建 築17年	東京都千代田区三番町	東京メトロ南北線/市ヶ谷駅 歩6分	東京メトロ半蔵門線/半蔵門駅 歩8分	東京メトロ有楽町線/麹町駅 歩11分	築6年	地下3地上41階建	5階	15.5万円	3000円	-/15.5万円/-/-	1DK	34.17m
49	ロイジェント九段	東京都千代田区九段北１	ＪＲ中央線/飯田橋駅 歩7分	東京メトロ東西線/九段下駅 歩4分	ＪＲ中央線/水道橋駅 歩11分	築6年	地下3地上41階建	7階	27.9万円	-	27.9万円/27.9万円/-/-	2LDK	61.33m
50	ロイジェント九段	東京都千代田区九段北１	ＪＲ中央線/飯田橋駅 歩7分	東京メトロ東西線/九段下駅 歩4分	ＪＲ中央線/水道橋駅 歩11分	築6年	地下3地上41階建	9階	27.9万円	-	27.9万円/27.9万円/-/-	2LDK	61.33m
51	ロイジェント九段	東京都千代田区九段北１	ＪＲ中央線/飯田橋駅 歩7分	東京メトロ東西線/九段下駅 歩4分	ＪＲ中央線/水道橋駅 歩11分	築6年	地下3地上41階建	7階	27.9万円	-	27.9万円/27.9万円/-/-	2LDK	61.33m
52	ロイジェント九段	東京都千代田区九段北１	ＪＲ中央線/飯田橋駅 歩7分	東京メトロ東西線/九段下駅 歩4分	ＪＲ中央線/水道橋駅 歩11分	築6年	地下3地上41階建	8階	28万円	-	28万円/28万円/-/-	2LDK	61.33m
53	ロイジェント九段	東京都千代田区九段北１	ＪＲ中央線/飯田橋駅 歩7分	東京メトロ東西線/九段下駅 歩4分	ＪＲ中央線/水道橋駅 歩11分	築6年	地下3地上41階建	9階	28万円	-	28万円/28万円/-/-	2LDK	61.04m
54	ロイジェント九段	東京都千代田区九段北１	ＪＲ中央線/飯田橋駅 歩7分	東京メトロ東西線/九段下駅 歩4分	ＪＲ中央線/水道橋駅 歩11分	築6年	地下3地上41階建	9階	28.1万円	-	28.1万円/28.1万円/-/-	2LDK	61.33m
55	ロイジェント九段	東京都千代田区九段北１	ＪＲ中央線/飯田橋駅 歩7分	東京メトロ東西線/九段下駅 歩4分	ＪＲ中央線/水道橋駅 歩11分	築6年	地下3地上41階建	10階	28.2万円	-	28.2万円/28.2万円/-/-	2LDK	61.33m
56	ロイジェント九段	東京都千代田区九段北１	ＪＲ中央線/飯田橋駅 歩7分	東京メトロ東西線/九段下駅 歩4分	ＪＲ中央線/水道橋駅 歩11分	築6年	地下3地上41階建	10階	28.2万円	-	28.2万円/28.2万円/-/-	2LDK	61.04m
57	ロイジェント九段	東京都千代田区九段北１	ＪＲ中央線/飯田橋駅 歩7分	東京メトロ東西線/九段下駅 歩4分	ＪＲ中央線/水道橋駅 歩11分	築6年	地下3地上41階建	11階	28.3万円	-	28.3万円/28.3万円/-/-	2LDK	61.33m
58	テルセーロ三鈴	東京都千代田区岩本町１	ＪＲ総武線快速/馬喰町駅 歩5分	東京メトロ日比谷線/小伝馬町駅 歩5分	都営新宿線/馬喰横山駅 歩5分	築6年	地下3地上41階建	4階	21.48万円	12000円	21.48万円/21.48万円/-/-	2LDK	64.99m
59	テルセーロ三鈴	東京都千代田区岩本町１	ＪＲ総武線快速/馬喰町駅 歩5分	東京メトロ日比谷線/小伝馬町駅 歩5分	都営新宿線/馬喰横山駅 歩5分	築6年	地下3地上41階建	4階	21.84万円	12000円	21.84万円/21.84万円/-/-	2LDK	64.99m
60	パークキューブ神田	東京都千代田区神田須田町２	都営新宿線/岩本町駅 歩3分	東京メトロ銀座線/神田駅 歩4分	ＪＲ山手線/秋葉原駅 歩5分	築6年	地下3地上41階建	3階	10.7万円	8000円	10.7万円/10.7万円/-/-	1K	23.2m
61	パークキューブ神田	東京都千代田区神田須田町２	都営新宿線/岩本町駅 歩3分	東京メトロ銀座線/神田駅 歩4分	ＪＲ山手線/秋葉原駅 歩5分	築6年	地下3地上41階建	4階	12.9万円	10000円	12.9万円/12.9万円/-/-	1K	30.7m
62	パークキューブ神田	東京都千代田区神田須田町２	都営新宿線/岩本町駅 歩3分	東京メトロ銀座線/神田駅 歩4分	ＪＲ山手線/秋葉原駅 歩5分	築6年	地下3地上41階建	4階	12.9万円	10000円	12.9万円/12.9万円/-/-	1DK	30.7m
63	パークキューブ神田	東京都千代田区神田須田町２	都営新宿線/岩本町駅 歩3分	東京メトロ銀座線/神田駅 歩4分	ＪＲ山手線/秋葉原駅 歩5分	築6年	地下3地上41階建	6階	13万円	10000円	13万円/13万円/-/-	1DK	32.07m
64	パークキューブ神田	東京都千代田区神田須田町２	都営新宿線/岩本町駅 歩3分	東京メトロ銀座線/神田駅 歩4分	ＪＲ山手線/秋葉原駅 歩5分	築6年	地下3地上41階建	6階	13万円	10000円	13万円/13万円/-/-	1DK	32.07m
65	パークキューブ神田	東京都千代田区神田須田町２	都営新宿線/岩本町駅 歩3分	東京メトロ銀座線/神田駅 歩4分	ＪＲ山手線/秋葉原駅 歩5分	築6年	地下3地上41階建	3階	13.5万円	10000円	13.5万円/13.5万円/-/-	1DK	32.07m
66	パークキューブ神田	東京都千代田区神田須田町２	都営新宿線/岩本町駅 歩3分	東京メトロ銀座線/神田駅 歩4分	ＪＲ山手線/秋葉原駅 歩5分	築6年	地下3地上41階建	3階	13.5万円	10000円	13.5万円/13.5万円/-/-	1DK	32.07m
67	パークキューブ神田	東京都千代田区神田須田町２	都営新宿線/岩本町駅 歩3分	東京メトロ銀座線/神田駅 歩4分	ＪＲ山手線/秋葉原駅 歩5分	築6年	地下3地上41階建	12階	21.8万円	12000円	21.8万円/21.8万円/-/-	2LDK	62.78m
68	チェスターコート御茶ノ水	東京都千代田区神田小川町３	都営新宿線/小川町駅 歩3分	東京メトロ千代田線/新御茶ノ水駅 歩5分	東京メトロ半蔵門線/神保町駅 歩6分	築6年	地下3地上41階建	3階	12.2万円	10000円	12.2万円/12.2万円/-/-	1K	27.14m
69	チェスターコート御茶ノ水	東京都千代田区神田小川町３	都営新宿線/小川町駅 歩3分	東京メトロ千代田線/新御茶ノ水駅 歩5分	東京メトロ半蔵門線/神保町駅 歩6分	築6年	地下3地上41階建	8階	12.8万円	10000円	25.6万円/12.8万円/-/-	1K	27.09m
70	チェスターコート御茶ノ水	東京都千代田区神田小川町３	都営新宿線/小川町駅 歩3分	東京メトロ千代田線/新御茶ノ水駅 歩5分	東京メトロ半蔵門線/神保町駅 歩6分	築6年	地下3地上41階建	10階	12.9万円	10000円	25.8万円/12.9万円/-/-	1K	27.09m
71	チェスターコート御茶ノ水	東京都千代田区神田小川町３	都営新宿線/小川町駅 歩3分	東京メトロ千代田線/新御茶ノ水駅 歩5分	東京メトロ半蔵門線/神保町駅 歩6分	築6年	地下3地上41階建	13階	13.2万円	10000円	13.2万円/13.2万円/-/-	1K	28.75m
72	チェスターコート御茶ノ水	東京都千代田区神田小川町３	都営新宿線/小川町駅 歩3分	東京メトロ千代田線/新御茶ノ水駅 歩5分	東京メトロ半蔵門線/神保町駅 歩6分	築6年	地下3地上41階建	12階	19.4万円	10000円	19.4万円/19.4万円/-/-	1LDK	44.86m
73	チェスターコート御茶ノ水	東京都千代田区神田小川町３	都営新宿線/小川町駅 歩3分	東京メトロ千代田線/新御茶ノ水駅 歩5分	東京メトロ半蔵門線/神保町駅 歩6分	築6年	地下3地上41階建	3階	25.5万円	10000円	51万円/25.5万円/-/-	1SLDK	60.62m
74	チェスターコート御茶ノ水	東京都千代田区神田小川町３	都営新宿線/小川町駅 歩3分	東京メトロ千代田線/新御茶ノ水駅 歩5分	東京メトロ半蔵門線/神保町駅 歩6分	築6年	地下3地上41階建	3階	26万円	10000円	26万円/26万円/-/-	1SLDK	60.62m
75	レジディア水道橋	東京都千代田区神田三崎町３	ＪＲ中央線/水道橋駅 歩4分	都営三田線/水道橋駅 歩4分	東京メトロ東西線/九段下駅 歩8分	築6年	地下3地上41階建	10階	14.2万円	10000円	28.4万円/14.2万円/-/-	1K	34.39m
76	レジディア水道橋	東京都千代田区神田三崎町３	ＪＲ中央線/水道橋駅 歩4分	都営三田線/水道橋駅 歩4分	東京メトロ東西線/九段下駅 歩8分	築6年	地下3地上41階建	6階	16.4万円	10000円	16.4万円/16.4万円/-/-	1LDK	42.2m
77	レジディア水道橋	東京都千代田区神田三崎町３	ＪＲ中央線/水道橋駅 歩4分	都営三田線/水道橋駅 歩4分	東京メトロ東西線/九段下駅 歩8分	築6年	地下3地上41階建	14階	16.6万円	12000円	16.6万円/16.6万円/-/-	1LDK	42.2m
78	レジディア水道橋	東京都千代田区神田三崎町３	ＪＲ中央線/水道橋駅 歩4分	都営三田線/水道橋駅 歩4分	東京メトロ東西線/九段下駅 歩8分	築6年	地下3地上41階建	8階	23.8万円	12000円	47.6万円/23.8万円/-/-	2LDK	57.03m
79	ＪＲ中央線 水道橋駅 14階建 築14年	東京都千代田区神田三崎町３	ＪＲ中央線/水道橋駅 歩4分	東京メトロ東西線/九段下駅 歩7分	東京メトロ半蔵門線/神保町駅 歩8分	築6年	地下3地上41階建	10階	14.2万円	10000円	28.4万円/14.2万円/-/-	1K	34.39m
80	ＪＲ中央線 水道橋駅 14階建 築14年	東京都千代田区神田三崎町３	ＪＲ中央線/水道橋駅 歩4分	東京メトロ東西線/九段下駅 歩7分	東京メトロ半蔵門線/神保町駅 歩8分	築6年	地下3地上41階建	6階	16.4万円	10000円	16.4万円/16.4万円/-/-	1LDK	42.2m
81	ＪＲ中央線 水道橋駅 14階建 築14年	東京都千代田区神田三崎町３	ＪＲ中央線/水道橋駅 歩4分	東京メトロ東西線/九段下駅 歩7分	東京メトロ半蔵門線/神保町駅 歩8分	築6年	地下3地上41階建	14階	16.6万円	12000円	16.6万円/16.6万円/-/-	1LDK	42.2m
82	ＪＲ中央線 水道橋駅 14階建 築14年	東京都千代田区神田三崎町３	ＪＲ中央線/水道橋駅 歩4分	東京メトロ東西線/九段下駅 歩7分	東京メトロ半蔵門線/神保町駅 歩8分	築6年	地下3地上41階建	14階	16.6万円	12000円	16.6万円/16.6万円/-/-	1LDK	42.2m
83	ＪＲ中央線 水道橋駅 14階建 築14年	東京都千代田区神田三崎町３	ＪＲ中央線/水道橋駅 歩4分	東京メトロ東西線/九段下駅 歩7分	東京メトロ半蔵門線/神保町駅 歩8分	築6年	地下3地上41階建	8階	23.8万円	12000円	47.6万円/23.8万円/-/-	2SLDK	57.03m
84	ＪＲ山手線 秋葉原駅 12階建 築5年	東京都千代田区神田和泉町	ＪＲ山手線/秋葉原駅 歩5分	東京メトロ日比谷線/秋葉原駅 歩5分	都営新宿線/岩本町駅 歩9分	築6年	地下3地上41階建	12階	17.8万円	-	17.8万円/17.8万円/-/-	1SLDK	43.76m
85	ＪＲ山手線 秋葉原駅 12階建 築5年	東京都千代田区神田和泉町	ＪＲ山手線/秋葉原駅 歩5分	東京メトロ日比谷線/秋葉原駅 歩5分	都営新宿線/岩本町駅 歩9分	築6年	地下3地上41階建	10階	19万円	-	19万円/19万円/-/-	2LDK	55.01m
86	レジディア神田岩本町	東京都千代田区岩本町２	都営新宿線/岩本町駅 歩3分	東京メトロ日比谷線/小伝馬町駅 歩5分	ＪＲ山手線/秋葉原駅 歩4分	築6年	地下3地上41階建	6階	9万円	8000円	18万円/9万円/-/-	ワンルーム	22.78m
87	レジディア神田岩本町	東京都千代田区岩本町２	都営新宿線/岩本町駅 歩3分	東京メトロ日比谷線/小伝馬町駅 歩5分	ＪＲ山手線/秋葉原駅 歩4分	築6年	地下3地上41階建	8階	14万円	10000円	28万円/14万円/-/-	1DK	30.97m
88	レジディア神田岩本町	東京都千代田区岩本町２	都営新宿線/岩本町駅 歩3分	東京メトロ日比谷線/小伝馬町駅 歩5分	ＪＲ山手線/秋葉原駅 歩4分	築6年	地下3地上41階建	9階	16.7万円	10000円	33.4万円/16.7万円/-/-	1LDK	43.61m
89	新築 ロイジェント東神田	東京都千代田区東神田１	ＪＲ山手線/秋葉原駅 歩9分	都営新宿線/岩本町駅 歩8分	東京メトロ日比谷線/小伝馬町駅 歩7分	築6年	地下3地上41階建	2階	13.3万円	-	13.3万円/13.3万円/-/-	1K	26.6m
90	新築 ロイジェント東神田	東京都千代田区東神田１	ＪＲ山手線/秋葉原駅 歩9分	都営新宿線/岩本町駅 歩8分	東京メトロ日比谷線/小伝馬町駅 歩7分	築6年	地下3地上41階建	2階	13.3万円	-	13.3万円/13.3万円/-/-	1K	26.6m
91	新築 ロイジェント東神田	東京都千代田区東神田１	ＪＲ山手線/秋葉原駅 歩9分	都営新宿線/岩本町駅 歩8分	東京メトロ日比谷線/小伝馬町駅 歩7分	築6年	地下3地上41階建	2階	13.3万円	-	13.3万円/13.3万円/-/-	1K	26.6m
92	新築 ロイジェント東神田	東京都千代田区東神田１	ＪＲ山手線/秋葉原駅 歩9分	都営新宿線/岩本町駅 歩8分	東京メトロ日比谷線/小伝馬町駅 歩7分	築6年	地下3地上41階建	2階	13.3万円	-	13.3万円/13.3万円/-/-	1K	26.6m
93	新築 ロイジェント東神田	東京都千代田区東神田１	ＪＲ山手線/秋葉原駅 歩9分	都営新宿線/岩本町駅 歩8分	東京メトロ日比谷線/小伝馬町駅 歩7分	築6年	地下3地上41階建	2階	13.3万円	-	13.3万円/13.3万円/-/-	1K	26.4m
94	新築 ロイジェント東神田	東京都千代田区東神田１	ＪＲ山手線/秋葉原駅 歩9分	都営新宿線/岩本町駅 歩8分	東京メトロ日比谷線/小伝馬町駅 歩7分	築6年	地下3地上41階建	2階	13.3万円	-	13.3万円/13.3万円/-/-	1K	26.4m
95	新築 ロイジェント東神田	東京都千代田区東神田１	ＪＲ山手線/秋葉原駅 歩9分	都営新宿線/岩本町駅 歩8分	東京メトロ日比谷線/小伝馬町駅 歩7分	築6年	地下3地上41階建	2階	13.8万円	-	13.8万円/13.8万円/-/-	ワンルーム	31.1m
96	新築 ロイジェント東神田	東京都千代田区東神田１	ＪＲ山手線/秋葉原駅 歩9分	都営新宿線/岩本町駅 歩8分	東京メトロ日比谷線/小伝馬町駅 歩7分	築6年	地下3地上41階建	3階	13.8万円	-	13.8万円/13.8万円/-/-	1K	27.62m
97	新築 ロイジェント東神田	東京都千代田区東神田１	ＪＲ山手線/秋葉原駅 歩9分	都営新宿線/岩本町駅 歩8分	東京メトロ日比谷線/小伝馬町駅 歩7分	築6年	地下3地上41階建	3階	13.8万円	-	13.8万円/13.8万円/-/-	1K	27.62m
98	新築 ロイジェント東神田	東京都千代田区東神田１	ＪＲ山手線/秋葉原駅 歩9分	都営新宿線/岩本町駅 歩8分	東京メトロ日比谷線/小伝馬町駅 歩7分	築6年	地下3地上41階建	3階	13.8万円	-	13.8万円/13.8万円/-/-	1K	27.62m
99	新築 ロイジェント東神田	東京都千代田区東神田１	ＪＲ山手線/秋葉原駅 歩9分	都営新宿線/岩本町駅 歩8分	東京メトロ日比谷線/小伝馬町駅 歩7分	築6年	地下3地上41階建	3階	13.8万円	-	13.8万円/13.8万円/-/-	1K	27.62m
100	新築 ロイジェント東神田	東京都千代田区東神田１	ＪＲ山手線/秋葉原駅 歩9分	都営新宿線/岩本町駅 歩8分	東京メトロ日比谷線/小伝馬町駅 歩7分	築6年	地下3地上41階建	3階	13.8万円	-	13.8万円/13.8万円/-/-	1K	27.42m
101	新築 ロイジェント東神田	東京都千代田区東神田１	ＪＲ山手線/秋葉原駅 歩9分	都営新宿線/岩本町駅 歩8分	東京メトロ日比谷線/小伝馬町駅 歩7分	築6年	地下3地上41階建	3階	13.8万円	-	13.8万円/13.8万円/-/-	1K	27.42m
102	新築 ロイジェント東神田	東京都千代田区東神田１	ＪＲ山手線/秋葉原駅 歩9分	都営新宿線/岩本町駅 歩8分	東京メトロ日比谷線/小伝馬町駅 歩7分	築6年	地下3地上41階建	4階	14万円	-	14万円/14万円/-/-	1K	27.62m
103	新築 ロイジェント東神田	東京都千代田区東神田１	ＪＲ山手線/秋葉原駅 歩9分	都営新宿線/岩本町駅 歩8分	東京メトロ日比谷線/小伝馬町駅 歩7分	築6年	地下3地上41階建	4階	14万円	-	14万円/14万円/-/-	1K	27.62m
104	新築 ロイジェント東神田	東京都千代田区東神田１	ＪＲ山手線/秋葉原駅 歩9分	都営新宿線/岩本町駅 歩8分	東京メトロ日比谷線/小伝馬町駅 歩7分	築6年	地下3地上41階建	4階	14万円	-	14万円/14万円/-/-	1K	27.62m
105	新築 ロイジェント東神田	東京都千代田区東神田１	ＪＲ山手線/秋葉原駅 歩9分	都営新宿線/岩本町駅 歩8分	東京メトロ日比谷線/小伝馬町駅 歩7分	築6年	地下3地上41階建	4階	14万円	-	14万円/14万円/-/-	1K	27.62m
106	新築 ロイジェント東神田	東京都千代田区東神田１	ＪＲ山手線/秋葉原駅 歩9分	都営新宿線/岩本町駅 歩8分	東京メトロ日比谷線/小伝馬町駅 歩7分	築6年	地下3地上41階建	4階	14万円	-	14万円/14万円/-/-	1K	27.42m
107	新築 ロイジェント東神田	東京都千代田区東神田１	ＪＲ山手線/秋葉原駅 歩9分	都営新宿線/岩本町駅 歩8分	東京メトロ日比谷線/小伝馬町駅 歩7分	築6年	地下3地上41階建	4階	14万円	-	14万円/14万円/-/-	1K	27.42m
108	新築 ロイジェント東神田	東京都千代田区東神田１	ＪＲ山手線/秋葉原駅 歩9分	都営新宿線/岩本町駅 歩8分	東京メトロ日比谷線/小伝馬町駅 歩7分	築6年	地下3地上41階建	5階	14.2万円	-	14.2万円/14.2万円/-/-	1K	27.62m
109	新築 ロイジェント東神田	東京都千代田区東神田１	ＪＲ山手線/秋葉原駅 歩9分	都営新宿線/岩本町駅 歩8分	東京メトロ日比谷線/小伝馬町駅 歩7分	築6年	地下3地上41階建	5階	14.2万円	-	14.2万円/14.2万円/-/-	1K	27.62m
110	新築 ロイジェント東神田	東京都千代田区東神田１	ＪＲ山手線/秋葉原駅 歩9分	都営新宿線/岩本町駅 歩8分	東京メトロ日比谷線/小伝馬町駅 歩7分	築6年	地下3地上41階建	4階	14.2万円	-	14.2万円/14.2万円/-/-	1K	27.62m
111	新築 ロイジェント東神田	東京都千代田区東神田１	ＪＲ山手線/秋葉原駅 歩9分	都営新宿線/岩本町駅 歩8分	東京メトロ日比谷線/小伝馬町駅 歩7分	築6年	地下3地上41階建	5階	14.2万円	-	14.2万円/14.2万円/-/-	1K	27.62m
112	新築 ロイジェント東神田	東京都千代田区東神田１	ＪＲ山手線/秋葉原駅 歩9分	都営新宿線/岩本町駅 歩8分	東京メトロ日比谷線/小伝馬町駅 歩7分	築6年	地下3地上41階建	5階	14.2万円	-	14.2万円/14.2万円/-/-	1K	27.42m
113	新築 ロイジェント東神田	東京都千代田区東神田１	ＪＲ山手線/秋葉原駅 歩9分	都営新宿線/岩本町駅 歩8分	東京メトロ日比谷線/小伝馬町駅 歩7分	築6年	地下3地上41階建	5階	14.2万円	-	14.2万円/14.2万円/-/-	1K	27.42m
114	新築 ロイジェント東神田	東京都千代田区東神田１	ＪＲ山手線/秋葉原駅 歩9分	都営新宿線/岩本町駅 歩8分	東京メトロ日比谷線/小伝馬町駅 歩7分	築6年	地下3地上41階建	3階	14.3万円	-	14.3万円/14.3万円/-/-	ワンルーム	32.3m
115	新築 ロイジェント東神田	東京都千代田区東神田１	ＪＲ山手線/秋葉原駅 歩9分	都営新宿線/岩本町駅 歩8分	東京メトロ日比谷線/小伝馬町駅 歩7分	築6年	地下3地上41階建	6階	14.4万円	-	14.4万円/14.4万円/-/-	1K	27.62m
116	新築 ロイジェント東神田	東京都千代田区東神田１	ＪＲ山手線/秋葉原駅 歩9分	都営新宿線/岩本町駅 歩8分	東京メトロ日比谷線/小伝馬町駅 歩7分	築6年	地下3地上41階建	6階	14.4万円	-	14.4万円/14.4万円/-/-	1K	27.62m
117	新築 ロイジェント東神田	東京都千代田区東神田１	ＪＲ山手線/秋葉原駅 歩9分	都営新宿線/岩本町駅 歩8分	東京メトロ日比谷線/小伝馬町駅 歩7分	築6年	地下3地上41階建	6階	14.4万円	-	14.4万円/14.4万円/-/-	1K	27.62m
118	新築 ロイジェント東神田	東京都千代田区東神田１	ＪＲ山手線/秋葉原駅 歩9分	都営新宿線/岩本町駅 歩8分	東京メトロ日比谷線/小伝馬町駅 歩7分	築6年	地下3地上41階建	6階	14.4万円	-	14.4万円/14.4万円/-/-	1K	27.62m
119	新築 ロイジェント東神田	東京都千代田区東神田１	ＪＲ山手線/秋葉原駅 歩9分	都営新宿線/岩本町駅 歩8分	東京メトロ日比谷線/小伝馬町駅 歩7分	築6年	地下3地上41階建	6階	14.4万円	-	14.4万円/14.4万円/-/-	1K	27.42m
120	新築 ロイジェント東神田	東京都千代田区東神田１	ＪＲ山手線/秋葉原駅 歩9分	都営新宿線/岩本町駅 歩8分	東京メトロ日比谷線/小伝馬町駅 歩7分			6階	14.4万円	-	14.4万円/14.4万円/-/-	1K	27.42m
121	新築 ロイジェント東神田	東京都千代田区東神田１	ＪＲ山手線/秋葉原駅 歩9分	都営新宿線/岩本町駅 歩8分	東京メトロ日比谷線/小伝馬町駅 歩7分			4階	14.5万円	-	14.5万円/14.5万円/-/-	ワンルーム	32.3m
122	新築 ロイジェント東神田	東京都千代田区東神田１	ＪＲ山手線/秋葉原駅 歩9分	都営新宿線/岩本町駅 歩8分	東京メトロ日比谷線/小伝馬町駅 歩7分			7階	14.6万円	-	14.6万円/14.6万円/-/-	1K	27.62m
123	新築 ロイジェント東神田	東京都千代田区東神田１	ＪＲ山手線/秋葉原駅 歩9分	都営新宿線/岩本町駅 歩8分	東京メトロ日比谷線/小伝馬町駅 歩7分			7階	14.6万円	-	14.6万円/14.6万円/-/-	1K	27.62m
124	新築 ロイジェント東神田	東京都千代田区東神田１	ＪＲ山手線/秋葉原駅 歩9分	都営新宿線/岩本町駅 歩8分	東京メトロ日比谷線/小伝馬町駅 歩7分			7階	14.6万円	-	14.6万円/14.6万円/-/-	1K	27.62m
125	新築 ロイジェント東神田	東京都千代田区東神田１	ＪＲ山手線/秋葉原駅 歩9分	都営新宿線/岩本町駅 歩8分	東京メトロ日比谷線/小伝馬町駅 歩7分			7階	14.6万円	-	14.6万円/14.6万円/-/-	1K	27.62m
126	新築 ロイジェント東神田	東京都千代田区東神田１	ＪＲ山手線/秋葉原駅 歩9分	都営新宿線/岩本町駅 歩8分	東京メトロ日比谷線/小伝馬町駅 歩7分			7階	14.6万円	-	14.6万円/14.6万円/-/-	1K	27.42m
127	新築 ロイジェント東神田	東京都千代田区東神田１	ＪＲ山手線/秋葉原駅 歩9分	都営新宿線/岩本町駅 歩8分	東京メトロ日比谷線/小伝馬町駅 歩7分			7階	14.6万円	-	14.6万円/14.6万円/-/-	1K	27.42m
128	新築 ロイジェント東神田	東京都千代田区東神田１	ＪＲ山手線/秋葉原駅 歩9分	都営新宿線/岩本町駅 歩8分	東京メトロ日比谷線/小伝馬町駅 歩7分			5階	14.7万円	-	14.7万円/14.7万円/-/-	ワンルーム	32.3m
129	新築 ロイジェント東神田	東京都千代田区東神田１	ＪＲ山手線/秋葉原駅 歩9分	都営新宿線/岩本町駅 歩8分	東京メトロ日比谷線/小伝馬町駅 歩7分			8階	14.8万円	-	14.8万円/14.8万円/-/-	1K	27.62m
130	新築 ロイジェント東神田	東京都千代田区東神田１	ＪＲ山手線/秋葉原駅 歩9分	都営新宿線/岩本町駅 歩8分	東京メトロ日比谷線/小伝馬町駅 歩7分			8階	14.8万円	-	14.8万円/14.8万円/-/-	1K	27.62m
131	新築 ロイジェント東神田	東京都千代田区東神田１	ＪＲ山手線/秋葉原駅 歩9分	都営新宿線/岩本町駅 歩8分	東京メトロ日比谷線/小伝馬町駅 歩7分			8階	14.8万円	-	14.8万円/14.8万円/-/-	1K	27.62m
132	新築 ロイジェント東神田	東京都千代田区東神田１	ＪＲ山手線/秋葉原駅 歩9分	都営新宿線/岩本町駅 歩8分	東京メトロ日比谷線/小伝馬町駅 歩7分			8階	14.8万円	-	14.8万円/14.8万円/-/-	1K	27.62m
133	新築 ロイジェント東神田	東京都千代田区東神田１	ＪＲ山手線/秋葉原駅 歩9分	都営新宿線/岩本町駅 歩8分	東京メトロ日比谷線/小伝馬町駅 歩7分			8階	14.8万円	-	14.8万円/14.8万円/-/-	1K	27.42m
134	新築 ロイジェント東神田	東京都千代田区東神田１	ＪＲ山手線/秋葉原駅 歩9分	都営新宿線/岩本町駅 歩8分	東京メトロ日比谷線/小伝馬町駅 歩7分			8階	14.8万円	-	14.8万円/14.8万円/-/-	1K	27.42m
135	新築 ロイジェント東神田	東京都千代田区東神田１	ＪＲ山手線/秋葉原駅 歩9分	都営新宿線/岩本町駅 歩8分	東京メトロ日比谷線/小伝馬町駅 歩7分			6階	14.9万円	-	14.9万円/14.9万円/-/-	ワンルーム	32.3m
136	新築 ロイジェント東神田	東京都千代田区東神田１	ＪＲ山手線/秋葉原駅 歩9分	都営新宿線/岩本町駅 歩8分	東京メトロ日比谷線/小伝馬町駅 歩7分			9階	15万円	-	15万円/15万円/-/-	1K	27.62m
137	新築 ロイジェント東神田	東京都千代田区東神田１	ＪＲ山手線/秋葉原駅 歩9分	都営新宿線/岩本町駅 歩8分	東京メトロ日比谷線/小伝馬町駅 歩7分			9階	15万円	-	15万円/15万円/-/-	1K	27.62m
138	新築 ロイジェント東神田	東京都千代田区東神田１	ＪＲ山手線/秋葉原駅 歩9分	都営新宿線/岩本町駅 歩8分	東京メトロ日比谷線/小伝馬町駅 歩7分			9階	15万円	-	15万円/15万円/-/-	1K	27.62m
139	新築 ロイジェント東神田	東京都千代田区東神田１	ＪＲ山手線/秋葉原駅 歩9分	都営新宿線/岩本町駅 歩8分	東京メトロ日比谷線/小伝馬町駅 歩7分			9階	15万円	-	15万円/15万円/-/-	1K	27.62m
140	新築 ロイジェント東神田	東京都千代田区東神田１	ＪＲ山手線/秋葉原駅 歩9分	都営新宿線/岩本町駅 歩8分	東京メトロ日比谷線/小伝馬町駅 歩7分			9階	15万円	-	15万円/15万円/-/-	1K	27.42m
141	新築 ロイジェント東神田	東京都千代田区東神田１	ＪＲ山手線/秋葉原駅 歩9分	都営新宿線/岩本町駅 歩8分	東京メトロ日比谷線/小伝馬町駅 歩7分			9階	15万円	-	15万円/15万円/-/-	1K	27.42m
142	新築 ロイジェント東神田	東京都千代田区東神田１	ＪＲ山手線/秋葉原駅 歩9分	都営新宿線/岩本町駅 歩8分	東京メトロ日比谷線/小伝馬町駅 歩7分			7階	15.1万円	-	15.1万円/15.1万円/-/-	ワンルーム	32.3m
143	新築 ロイジェント東神田	東京都千代田区東神田１	ＪＲ山手線/秋葉原駅 歩9分	都営新宿線/岩本町駅 歩8分	東京メトロ日比谷線/小伝馬町駅 歩7分			10階	15.2万円	-	15.2万円/15.2万円/-/-	1K	27.62m
144	新築 ロイジェント東神田	東京都千代田区東神田１	ＪＲ山手線/秋葉原駅 歩9分	都営新宿線/岩本町駅 歩8分	東京メトロ日比谷線/小伝馬町駅 歩7分			10階	15.2万円	-	15.2万円/15.2万円/-/-	1K	27.62m
145	新築 ロイジェント東神田	東京都千代田区東神田１	ＪＲ山手線/秋葉原駅 歩9分	都営新宿線/岩本町駅 歩8分	東京メトロ日比谷線/小伝馬町駅 歩7分			10階	15.2万円	-	15.2万円/15.2万円/-/-	1K	27.62m
146	新築 ロイジェント東神田	東京都千代田区東神田１	ＪＲ山手線/秋葉原駅 歩9分	都営新宿線/岩本町駅 歩8分	東京メトロ日比谷線/小伝馬町駅 歩7分			10階	15.2万円	-	15.2万円/15.2万円/-/-	1K	27.62m
147	新築 ロイジェント東神田	東京都千代田区東神田１	ＪＲ山手線/秋葉原駅 歩9分	都営新宿線/岩本町駅 歩8分	東京メトロ日比谷線/小伝馬町駅 歩7分			10階	15.2万円	-	15.2万円/15.2万円/-/-	1K	27.42m
148	新築 ロイジェント東神田	東京都千代田区東神田１	ＪＲ山手線/秋葉原駅 歩9分	都営新宿線/岩本町駅 歩8分	東京メトロ日比谷線/小伝馬町駅 歩7分			10階	15.2万円	-	15.2万円/15.2万円/-/-	1K	27.42m
149	新築 ロイジェント東神田	東京都千代田区東神田１	ＪＲ山手線/秋葉原駅 歩9分	都営新宿線/岩本町駅 歩8分	東京メトロ日比谷線/小伝馬町駅 歩7分			8階	15.3万円	-	15.3万円/15.3万円/-/-	ワンルーム	32.3m
150	新築 ロイジェント東神田	東京都千代田区東神田１	ＪＲ山手線/秋葉原駅 歩9分	都営新宿線/岩本町駅 歩8分	東京メトロ日比谷線/小伝馬町駅 歩7分			11階	15.4万円	-	15.4万円/15.4万円/-/-	1K	27.26m
151	新築 ロイジェント東神田	東京都千代田区東神田１	ＪＲ山手線/秋葉原駅 歩9分	都営新宿線/岩本町駅 歩8分	東京メトロ日比谷線/小伝馬町駅 歩7分			11階	15.4万円	-	15.4万円/15.4万円/-/-	1K	27.26m
152	新築 ロイジェント東神田	東京都千代田区東神田１	ＪＲ山手線/秋葉原駅 歩9分	都営新宿線/岩本町駅 歩8分	東京メトロ日比谷線/小伝馬町駅 歩7分			11階	15.4万円	-	15.4万円/15.4万円/-/-	1K	27.22m
153	新築 ロイジェント東神田	東京都千代田区東神田１	ＪＲ山手線/秋葉原駅 歩9分	都営新宿線/岩本町駅 歩8分	東京メトロ日比谷線/小伝馬町駅 歩7分			11階	15.4万円	-	15.4万円/15.4万円/-/-	1K	27.22m
154	新築 ロイジェント東神田	東京都千代田区東神田１	ＪＲ山手線/秋葉原駅 歩9分	都営新宿線/岩本町駅 歩8分	東京メトロ日比谷線/小伝馬町駅 歩7分			11階	15.4万円	-	15.4万円/15.4万円/-/-	1K	27.22m
155	新築 ロイジェント東神田	東京都千代田区東神田１	ＪＲ山手線/秋葉原駅 歩9分	都営新宿線/岩本町駅 歩8分	東京メトロ日比谷線/小伝馬町駅 歩7分			11階	15.4万円	-	15.4万円/15.4万円/-/-	1K	27.22m
156	新築 ロイジェント東神田	東京都千代田区東神田１	ＪＲ山手線/秋葉原駅 歩9分	都営新宿線/岩本町駅 歩8分	東京メトロ日比谷線/小伝馬町駅 歩7分			9階	15.5万円	-	15.5万円/15.5万円/-/-	ワンルーム	32.3m
157	新築 ロイジェント東神田	東京都千代田区東神田１	ＪＲ山手線/秋葉原駅 歩9分	都営新宿線/岩本町駅 歩8分	東京メトロ日比谷線/小伝馬町駅 歩7分			12階	15.6万円	-	15.6万円/15.6万円/-/-	1K	27.26m
158	新築 ロイジェント東神田	東京都千代田区東神田１	ＪＲ山手線/秋葉原駅 歩9分	都営新宿線/岩本町駅 歩8分	東京メトロ日比谷線/小伝馬町駅 歩7分			12階	15.6万円	-	15.6万円/15.6万円/-/-	1K	27.26m
159	新築 ロイジェント東神田	東京都千代田区東神田１	ＪＲ山手線/秋葉原駅 歩9分	都営新宿線/岩本町駅 歩8分	東京メトロ日比谷線/小伝馬町駅 歩7分			12階	15.6万円	-	15.6万円/15.6万円/-/-	1K	27.22m
160	新築 ロイジェント東神田	東京都千代田区東神田１	ＪＲ山手線/秋葉原駅 歩9分	都営新宿線/岩本町駅 歩8分	東京メトロ日比谷線/小伝馬町駅 歩7分			12階	15.6万円	-	15.6万円/15.6万円/-/-	1K	27.22m
161	新築 ロイジェント東神田	東京都千代田区東神田１	ＪＲ山手線/秋葉原駅 歩9分	都営新宿線/岩本町駅 歩8分	東京メトロ日比谷線/小伝馬町駅 歩7分			10階	15.7万円	-	15.7万円/15.7万円/-/-	ワンルーム	32.3m
162	新築 ロイジェント東神田	東京都千代田区東神田１	ＪＲ山手線/秋葉原駅 歩9分	都営新宿線/岩本町駅 歩8分	東京メトロ日比谷線/小伝馬町駅 歩7分			11階	15.9万円	-	15.9万円/15.9万円/-/-	ワンルーム	31.9m
163	新築 ロイジェント東神田	東京都千代田区東神田１	ＪＲ山手線/秋葉原駅 歩9分	都営新宿線/岩本町駅 歩8分	東京メトロ日比谷線/小伝馬町駅 歩7分			3階	21.1万円	-	21.1万円/21.1万円/-/-	1LDK	45.97m
164	新築 ロイジェント東神田	東京都千代田区東神田１	ＪＲ山手線/秋葉原駅 歩9分	都営新宿線/岩本町駅 歩8分	東京メトロ日比谷線/小伝馬町駅 歩7分			4階	21.3万円	-	21.3万円/21.3万円/-/-	1LDK	45.97m
165	新築 ロイジェント東神田	東京都千代田区東神田１	ＪＲ山手線/秋葉原駅 歩9分	都営新宿線/岩本町駅 歩8分	東京メトロ日比谷線/小伝馬町駅 歩7分			5階	21.5万円	-	21.5万円/21.5万円/-/-	1LDK	45.97m
166	新築 ロイジェント東神田	東京都千代田区東神田１	ＪＲ山手線/秋葉原駅 歩9分	都営新宿線/岩本町駅 歩8分	東京メトロ日比谷線/小伝馬町駅 歩7分			3階	21.7万円	-	21.7万円/21.7万円/-/-	1LDK	51.39m
167	新築 ロイジェント東神田	東京都千代田区東神田１	ＪＲ山手線/秋葉原駅 歩9分	都営新宿線/岩本町駅 歩8分	東京メトロ日比谷線/小伝馬町駅 歩7分			6階	21.7万円	-	21.7万円/21.7万円/-/-	1LDK	45.97m
168	新築 ロイジェント東神田	東京都千代田区東神田１	ＪＲ山手線/秋葉原駅 歩9分	都営新宿線/岩本町駅 歩8分	東京メトロ日比谷線/小伝馬町駅 歩7分			2階	21.9万円	-	21.9万円/21.9万円/-/-	1LDK	54.71m
169	新築 ロイジェント東神田	東京都千代田区東神田１	ＪＲ山手線/秋葉原駅 歩9分	都営新宿線/岩本町駅 歩8分	東京メトロ日比谷線/小伝馬町駅 歩7分			4階	21.9万円	-	21.9万円/21.9万円/-/-	1LDK	51.39m
170	新築 ロイジェント東神田	東京都千代田区東神田１	ＪＲ山手線/秋葉原駅 歩9分	都営新宿線/岩本町駅 歩8分	東京メトロ日比谷線/小伝馬町駅 歩7分			7階	21.9万円	-	21.9万円/21.9万円/-/-	1LDK	45.97m
171	新築 ロイジェント東神田	東京都千代田区東神田１	ＪＲ山手線/秋葉原駅 歩9分	都営新宿線/岩本町駅 歩8分	東京メトロ日比谷線/小伝馬町駅 歩7分			5階	22.1万円	-	22.1万円/22.1万円/-/-	1LDK	51.39m
172	新築 ロイジェント東神田	東京都千代田区東神田１	ＪＲ山手線/秋葉原駅 歩9分	都営新宿線/岩本町駅 歩8分	東京メトロ日比谷線/小伝馬町駅 歩7分			8階	22.1万円	-	22.1万円/22.1万円/-/-	1LDK	45.97m
173	新築 ロイジェント東神田	東京都千代田区東神田１	ＪＲ山手線/秋葉原駅 歩9分	都営新宿線/岩本町駅 歩8分	東京メトロ日比谷線/小伝馬町駅 歩7分			3階	22.3万円	-	22.3万円/22.3万円/-/-	1LDK	55.74m
174	新築 ロイジェント東神田	東京都千代田区東神田１	ＪＲ山手線/秋葉原駅 歩9分	都営新宿線/岩本町駅 歩8分	東京メトロ日比谷線/小伝馬町駅 歩7分			6階	22.3万円	-	22.3万円/22.3万円/-/-	1LDK	51.39m
175	新築 ロイジェント東神田	東京都千代田区東神田１	ＪＲ山手線/秋葉原駅 歩9分	都営新宿線/岩本町駅 歩8分	東京メトロ日比谷線/小伝馬町駅 歩7分			9階	22.3万円	-	22.3万円/22.3万円/-/-	1LDK	45.97m
176	新築 ロイジェント東神田	東京都千代田区東神田１	ＪＲ山手線/秋葉原駅 歩9分	都営新宿線/岩本町駅 歩8分	東京メトロ日比谷線/小伝馬町駅 歩7分			4階	22.5万円	-	22.5万円/22.5万円/-/-	1LDK	55.74m
177	新築 ロイジェント東神田	東京都千代田区東神田１	ＪＲ山手線/秋葉原駅 歩9分	都営新宿線/岩本町駅 歩8分	東京メトロ日比谷線/小伝馬町駅 歩7分			3階	22.5万円	-	22.5万円/22.5万円/-/-	1LDK	55.74m
178	新築 ロイジェント東神田	東京都千代田区東神田１	ＪＲ山手線/秋葉原駅 歩9分	都営新宿線/岩本町駅 歩8分	東京メトロ日比谷線/小伝馬町駅 歩7分			7階	22.5万円	-	22.5万円/22.5万円/-/-	1LDK	51.39m
179	新築 ロイジェント東神田	東京都千代田区東神田１	ＪＲ山手線/秋葉原駅 歩9分	都営新宿線/岩本町駅 歩8分	東京メトロ日比谷線/小伝馬町駅 歩7分			10階	22.5万円	-	22.5万円/22.5万円/-/-	1LDK	45.97m
180	新築 ロイジェント東神田	東京都千代田区東神田１	ＪＲ山手線/秋葉原駅 歩9分	都営新宿線/岩本町駅 歩8分	東京メトロ日比谷線/小伝馬町駅 歩7分			5階	22.7万円	-	22.7万円/22.7万円/-/-	1LDK	55.74m
181	新築 ロイジェント東神田	東京都千代田区東神田１	ＪＲ山手線/秋葉原駅 歩9分	都営新宿線/岩本町駅 歩8分	東京メトロ日比谷線/小伝馬町駅 歩7分			8階	22.7万円	-	22.7万円/22.7万円/-/-	1LDK	51.39m
182	新築 ロイジェント東神田	東京都千代田区東神田１	ＪＲ山手線/秋葉原駅 歩9分	都営新宿線/岩本町駅 歩8分	東京メトロ日比谷線/小伝馬町駅 歩7分			6階	22.9万円	-	22.9万円/22.9万円/-/-	1LDK	55.74m
183	新築 ロイジェント東神田	東京都千代田区東神田１	ＪＲ山手線/秋葉原駅 歩9分	都営新宿線/岩本町駅 歩8分	東京メトロ日比谷線/小伝馬町駅 歩7分			9階	22.9万円	-	22.9万円/22.9万円/-/-	1LDK	51.39m
184	新築 ロイジェント東神田	東京都千代田区東神田１	ＪＲ山手線/秋葉原駅 歩9分	都営新宿線/岩本町駅 歩8分	東京メトロ日比谷線/小伝馬町駅 歩7分			11階	22.9万円	-	22.9万円/22.9万円/-/-	1LDK	47.99m
185	新築 ロイジェント東神田	東京都千代田区東神田１	ＪＲ山手線/秋葉原駅 歩9分	都営新宿線/岩本町駅 歩8分	東京メトロ日比谷線/小伝馬町駅 歩7分			11階	23万円	-	23万円/23万円/-/-	1LDK	45.57m
186	新築 ロイジェント東神田	東京都千代田区東神田１	ＪＲ山手線/秋葉原駅 歩9分	都営新宿線/岩本町駅 歩8分	東京メトロ日比谷線/小伝馬町駅 歩7分			7階	23.1万円	-	23.1万円/23.1万円/-/-	1LDK	55.74m
187	新築 ロイジェント東神田	東京都千代田区東神田１	ＪＲ山手線/秋葉原駅 歩9分	都営新宿線/岩本町駅 歩8分	東京メトロ日比谷線/小伝馬町駅 歩7分			10階	23.1万円	-	23.1万円/23.1万円/-/-	1LDK	51.39m
188	新築 ロイジェント東神田	東京都千代田区東神田１	ＪＲ山手線/秋葉原駅 歩9分	都営新宿線/岩本町駅 歩8分	東京メトロ日比谷線/小伝馬町駅 歩7分			12階	23.2万円	-	23.2万円/23.2万円/-/-	1LDK	48.74m
189	新築 ロイジェント東神田	東京都千代田区東神田１	ＪＲ山手線/秋葉原駅 歩9分	都営新宿線/岩本町駅 歩8分	東京メトロ日比谷線/小伝馬町駅 歩7分			5階	23.3万円	-	23.3万円/23.3万円/-/-	2LDK	57.13m
190	新築 ロイジェント東神田	東京都千代田区東神田１	ＪＲ山手線/秋葉原駅 歩9分	都営新宿線/岩本町駅 歩8分	東京メトロ日比谷線/小伝馬町駅 歩7分			8階	23.3万円	-	23.3万円/23.3万円/-/-	1LDK	55.74m
191	新築 ロイジェント東神田	東京都千代田区東神田１	ＪＲ山手線/秋葉原駅 歩9分	都営新宿線/岩本町駅 歩8分	東京メトロ日比谷線/小伝馬町駅 歩7分			6階	23.5万円	-	23.5万円/23.5万円/-/-	2LDK	57.13m
192	新築 ロイジェント東神田	東京都千代田区東神田１	ＪＲ山手線/秋葉原駅 歩9分	都営新宿線/岩本町駅 歩8分	東京メトロ日比谷線/小伝馬町駅 歩7分			9階	23.5万円	-	23.5万円/23.5万円/-/-	1LDK	55.74m
193	新築 ロイジェント東神田	東京都千代田区東神田１	ＪＲ山手線/秋葉原駅 歩9分	都営新宿線/岩本町駅 歩8分	東京メトロ日比谷線/小伝馬町駅 歩7分			12階	23.6万円	-	23.6万円/23.6万円/-/-	2LDK	55.44m
194	新築 ロイジェント東神田	東京都千代田区東神田１	ＪＲ山手線/秋葉原駅 歩9分	都営新宿線/岩本町駅 歩8分	東京メトロ日比谷線/小伝馬町駅 歩7分			7階	23.7万円	-	23.7万円/23.7万円/-/-	2LDK	57.13m
195	新築 ロイジェント東神田	東京都千代田区東神田１	ＪＲ山手線/秋葉原駅 歩9分	都営新宿線/岩本町駅 歩8分	東京メトロ日比谷線/小伝馬町駅 歩7分			10階	23.7万円	-	23.7万円/23.7万円/-/-	1LDK	55.74m
196	新築 ロイジェント東神田	東京都千代田区東神田１	ＪＲ山手線/秋葉原駅 歩9分	都営新宿線/岩本町駅 歩8分	東京メトロ日比谷線/小伝馬町駅 歩7分			8階	23.9万円	-	23.9万円/23.9万円/-/-	2LDK	57.13m
197	新築 ロイジェント東神田	東京都千代田区東神田１	ＪＲ山手線/秋葉原駅 歩9分	都営新宿線/岩本町駅 歩8分	東京メトロ日比谷線/小伝馬町駅 歩7分			11階	23.9万円	-	23.9万円/23.9万円/-/-	1LDK	55.74m
198	新築 ロイジェント東神田	東京都千代田区東神田１	ＪＲ山手線/秋葉原駅 歩9分	都営新宿線/岩本町駅 歩8分	東京メトロ日比谷線/小伝馬町駅 歩7分			9階	24.1万円	-	24.1万円/24.1万円/-/-	2LDK	57.13m
199	新築 ロイジェント東神田	東京都千代田区東神田１	ＪＲ山手線/秋葉原駅 歩9分	都営新宿線/岩本町駅 歩8分	東京メトロ日比谷線/小伝馬町駅 歩7分			12階	24.1万円	-	24.1万円/24.1万円/-/-	1LDK	55.74m
200	新築 ロイジェント東神田	東京都千代田区東神田１	ＪＲ山手線/秋葉原駅 歩9分	都営新宿線/岩本町駅 歩8分	東京メトロ日比谷線/小伝馬町駅 歩7分			10階	24.3万円	-	24.3万円/24.3万円/-/-	2LDK	57.13m
201	新築 ロイジェント東神田	東京都千代田区東神田１	ＪＲ山手線/秋葉原駅 歩9分	都営新宿線/岩本町駅 歩8分	東京メトロ日比谷線/小伝馬町駅 歩7分			11階	24.4万円	-	24.4万円/24.4万円/-/-	2LDK	57.19m
202	新築 ロイジェント東神田	東京都千代田区東神田１	ＪＲ山手線/秋葉原駅 歩9分	都営新宿線/岩本町駅 歩8分	東京メトロ日比谷線/小伝馬町駅 歩7分			12階	24.6万円	-	24.6万円/24.6万円/-/-	2LDK	57.19m
203	新築 ロイジェント東神田	東京都千代田区東神田１	ＪＲ山手線/秋葉原駅 歩9分	都営新宿線/岩本町駅 歩8分	東京メトロ日比谷線/小伝馬町駅 歩7分			4階	26.3万円	-	26.3万円/26.3万円/-/-	2LDK	64.38m
204	新築 ロイジェント東神田	東京都千代田区東神田１	ＪＲ山手線/秋葉原駅 歩9分	都営新宿線/岩本町駅 歩8分	東京メトロ日比谷線/小伝馬町駅 歩7分			5階	26.5万円	-	26.5万円/26.5万円/-/-	2LDK	64.38m
205	新築 ロイジェント東神田	東京都千代田区東神田１	ＪＲ山手線/秋葉原駅 歩9分	都営新宿線/岩本町駅 歩8分	東京メトロ日比谷線/小伝馬町駅 歩7分			6階	26.7万円	-	26.7万円/26.7万円/-/-	2LDK	64.38m
206	新築 ロイジェント東神田	東京都千代田区東神田１	ＪＲ山手線/秋葉原駅 歩9分	都営新宿線/岩本町駅 歩8分	東京メトロ日比谷線/小伝馬町駅 歩7分			7階	26.9万円	-	26.9万円/26.9万円/-/-	2LDK	64.38m
207	新築 ロイジェント東神田	東京都千代田区東神田１	ＪＲ山手線/秋葉原駅 歩9分	都営新宿線/岩本町駅 歩8分	東京メトロ日比谷線/小伝馬町駅 歩7分			13階	26.9万円	-	26.9万円/26.9万円/-/-	2LDK	55.44m
208	新築 ロイジェント東神田	東京都千代田区東神田１	ＪＲ山手線/秋葉原駅 歩9分	都営新宿線/岩本町駅 歩8分	東京メトロ日比谷線/小伝馬町駅 歩7分			8階	27.1万円	-	27.1万円/27.1万円/-/-	2LDK	64.38m
209	新築 ロイジェント東神田	東京都千代田区東神田１	ＪＲ山手線/秋葉原駅 歩9分	都営新宿線/岩本町駅 歩8分	東京メトロ日比谷線/小伝馬町駅 歩7分			9階	27.3万円	-	27.3万円/27.3万円/-/-	2LDK	64.38m
210	新築 ロイジェント東神田	東京都千代田区東神田１	ＪＲ山手線/秋葉原駅 歩9分	都営新宿線/岩本町駅 歩8分	東京メトロ日比谷線/小伝馬町駅 歩7分			10階	27.5万円	-	27.5万円/27.5万円/-/-	2SLDK	64.38m
211	新築 ロイジェント東神田	東京都千代田区東神田１	ＪＲ山手線/秋葉原駅 歩9分	都営新宿線/岩本町駅 歩8分	東京メトロ日比谷線/小伝馬町駅 歩7分			11階	27.6万円	-	27.6万円/27.6万円/-/-	2LDK	63.98m
212	新築 ロイジェント東神田	東京都千代田区東神田１	ＪＲ山手線/秋葉原駅 歩9分	都営新宿線/岩本町駅 歩8分	東京メトロ日比谷線/小伝馬町駅 歩7分			12階	27.8万円	-	27.8万円/27.8万円/-/-	2LDK	63.98m
213	新築 ロイジェント東神田	東京都千代田区東神田１	ＪＲ山手線/秋葉原駅 歩9分	都営新宿線/岩本町駅 歩8分	東京メトロ日比谷線/小伝馬町駅 歩7分			12階	27.9万円	-	27.9万円/27.9万円/-/-	2LDK	70.12m
214	新築 ロイジェント東神田	東京都千代田区東神田１	ＪＲ山手線/秋葉原駅 歩9分	都営新宿線/岩本町駅 歩8分	東京メトロ日比谷線/小伝馬町駅 歩7分			13階	31.2万円	-	31.2万円/31.2万円/-/-	2LDK	70.12m
215	新築 ロイジェント東神田	東京都千代田区東神田１	ＪＲ山手線/秋葉原駅 歩9分	都営新宿線/岩本町駅 歩8分	東京メトロ日比谷線/小伝馬町駅 歩7分			3階	33.2万円	-	33.2万円/33.2万円/-/-	3LDK	82.4m
216	新築 ロイジェント東神田	東京都千代田区東神田１	ＪＲ山手線/秋葉原駅 歩9分	都営新宿線/岩本町駅 歩8分	東京メトロ日比谷線/小伝馬町駅 歩7分			13階	33.2万円	-	33.2万円/33.2万円/-/-	2LDK	70.12m
217	新築 ロイジェント東神田	東京都千代田区東神田１	ＪＲ山手線/秋葉原駅 歩9分	都営新宿線/岩本町駅 歩8分	東京メトロ日比谷線/小伝馬町駅 歩7分			13階	35.4万円	-	35.4万円/35.4万円/-/-	2SLDK	85.12m
218	新築 ロイジェント東神田	東京都千代田区東神田１	ＪＲ山手線/秋葉原駅 歩9分	都営新宿線/岩本町駅 歩8分	東京メトロ日比谷線/小伝馬町駅 歩7分			13階	35.4万円	-	35.4万円/35.4万円/-/-	3LDK	84.66m
219	新築 ロイジェント東神田	東京都千代田区東神田１	ＪＲ山手線/秋葉原駅 歩9分	都営新宿線/岩本町駅 歩8分	東京メトロ日比谷線/小伝馬町駅 歩7分			13階	35.6万円	-	35.6万円/35.6万円/-/-	3LDK	87.5m
220	新築 ロイジェント東神田	東京都千代田区東神田１	ＪＲ山手線/秋葉原駅 歩9分	都営新宿線/岩本町駅 歩8分	東京メトロ日比谷線/小伝馬町駅 歩7分			13階	35.9万円	-	35.9万円/35.9万円/-/-	3LDK	89.77m
221	新築 ロイジェント東神田	東京都千代田区東神田１	ＪＲ山手線/秋葉原駅 歩9分	都営新宿線/岩本町駅 歩8分	東京メトロ日比谷線/小伝馬町駅 歩7分			13階	37.4万円	-	37.4万円/37.4万円/-/-	2LDK	85.12m
222	新築 ロイジェント東神田	東京都千代田区東神田１	ＪＲ山手線/秋葉原駅 歩9分	都営新宿線/岩本町駅 歩8分	東京メトロ日比谷線/小伝馬町駅 歩7分			13階	37.4万円	-	37.4万円/37.4万円/-/-	3LDK	84.66m
223	新築 ロイジェント東神田	東京都千代田区東神田１	ＪＲ山手線/秋葉原駅 歩9分	都営新宿線/岩本町駅 歩8分	東京メトロ日比谷線/小伝馬町駅 歩7分			13階	37.9万円	-	37.9万円/37.9万円/-/-	3LDK	89.77m
224	富士見デュープレックス ビズ	東京都千代田区富士見１	東京メトロ東西線/飯田橋駅 歩6分	都営三田線/水道橋駅 歩15分	都営大江戸線/牛込神楽坂駅 歩14分			6階	24.5万円	15000円	24.5万円/-/-/-	1LDK	51.64m
225	レジディア神田	東京都千代田区神田多町２	ＪＲ山手線/秋葉原駅 歩4分	ＪＲ山手線/神田駅 歩3分	都営新宿線/岩本町駅 歩2分			1階	9万円	5000円	18万円/-/-/-	ワンルーム	22.05m
226	レジディア神田	東京都千代田区神田多町２	ＪＲ山手線/秋葉原駅 歩4分	ＪＲ山手線/神田駅 歩3分	都営新宿線/岩本町駅 歩2分			1階	9万円	5000円	18万円/9万円/-/-	ワンルーム	22.05m
227	レジディア神田	東京都千代田区神田多町２	ＪＲ山手線/秋葉原駅 歩4分	ＪＲ山手線/神田駅 歩3分	都営新宿線/岩本町駅 歩2分			1階	9万円	5000円	9万円/9万円/-/-	ワンルーム	22.05m
228	レジディア神田	東京都千代田区神田多町２	ＪＲ山手線/秋葉原駅 歩4分	ＪＲ山手線/神田駅 歩3分	都営新宿線/岩本町駅 歩2分			9階	14.5万円	10000円	29万円/14.5万円/-/-	1LDK	30.2m
229	レジディア神田	東京都千代田区神田多町２	ＪＲ山手線/秋葉原駅 歩4分	ＪＲ山手線/神田駅 歩3分	都営新宿線/岩本町駅 歩2分			4階	14.6万円	10000円	14.6万円/14.6万円/-/-	1LDK	32.88m
230	レジディア神田	東京都千代田区神田多町２	ＪＲ山手線/秋葉原駅 歩4分	ＪＲ山手線/神田駅 歩3分	都営新宿線/岩本町駅 歩2分			4階	14.6万円	10000円	14.6万円/14.6万円/-/-	1LDK	32.88m
231	レジディア神田	東京都千代田区神田多町２	ＪＲ山手線/秋葉原駅 歩4分	ＪＲ山手線/神田駅 歩3分	都営新宿線/岩本町駅 歩2分			5階	14.7万円	10000円	29.4万円/14.7万円/-/-	1LDK	32.88m
232	レジディア神田	東京都千代田区神田多町２	ＪＲ山手線/秋葉原駅 歩4分	ＪＲ山手線/神田駅 歩3分	都営新宿線/岩本町駅 歩2分			6階	14.8万円	10000円	14.8万円/14.8万円/-/-	1LDK	32.88m
233	レジディア神田	東京都千代田区神田多町２	ＪＲ山手線/秋葉原駅 歩4分	ＪＲ山手線/神田駅 歩3分	都営新宿線/岩本町駅 歩2分			9階	15.4万円	10000円	15.4万円/15.4万円/-/-	1LDK	32.88m
234	レジディア神田	東京都千代田区神田多町２	ＪＲ山手線/秋葉原駅 歩4分	ＪＲ山手線/神田駅 歩3分	都営新宿線/岩本町駅 歩2分			12-13階	18万円	10000円	18万円/18万円/-/-	1LDK	49.31m
235	セントラルプラザ	東京都千代田区飯田橋４	東京メトロ東西線/飯田橋駅 歩1分	都営大江戸線/牛込神楽坂駅 歩8分	東京メトロ東西線/神楽坂駅 歩11分			12階	20万円	-	20万円/20万円/-/-	3DK	61.42m
236	セントラルプラザ	東京都千代田区飯田橋４	東京メトロ東西線/飯田橋駅 歩1分	都営大江戸線/牛込神楽坂駅 歩8分	東京メトロ東西線/神楽坂駅 歩11分			10階	20.5万円	-	20.5万円/20.5万円/-/-	3DK	61.42m
237	ＪＲ中央線 飯田橋駅 16階建 築35年	東京都千代田区飯田橋４	ＪＲ中央線/飯田橋駅 歩1分	都営大江戸線/牛込神楽坂駅 歩10分	東京メトロ南北線/後楽園駅 歩11分			12階	20万円	-	20万円/20万円/-/-	3DK	61.42m
238	ＪＲ中央線 飯田橋駅 16階建 築35年	東京都千代田区飯田橋４	ＪＲ中央線/飯田橋駅 歩1分	都営大江戸線/牛込神楽坂駅 歩10分	東京メトロ南北線/後楽園駅 歩11分			10階	20.5万円	-	20.5万円/20.5万円/-/-	3DK	61.42m
239	グリーンパーク千代田淡路町	東京都千代田区神田多町２	東京メトロ丸ノ内線/淡路町駅 歩3分	ＪＲ山手線/神田駅 歩5分	都営新宿線/小川町駅 歩4分			7階	15.9万円	10000円	15.9万円/31.8万円/-/-	1LDK	40.01m
240	グリーンパーク千代田淡路町	東京都千代田区神田多町２	東京メトロ丸ノ内線/淡路町駅 歩3分	ＪＲ山手線/神田駅 歩5分	都営新宿線/小川町駅 歩4分			7階	15.9万円	10000円	15.9万円/31.8万円/-/-	1LDK	40.01m
241	ライオンズ千代田三崎町	東京都千代田区神田三崎町３	ＪＲ総武線/水道橋駅 歩3分	ＪＲ総武線/飯田橋駅 歩8分	東京メトロ東西線/九段下駅 歩8分			14階	16万円	12000円	16万円/-/-/16万円	1LDK	38.96m
