	マンション名	住所	立地1	立地2	立地3	築年数	建物高さ	階	賃料	管理費	敷/礼/保証/敷引,償却	間取り	専有面積	立地11	立地12	立地21	立地22	立地31	立地32	敷金	礼金	保証金	敷引,償却	賃料+管理費	敷/礼/保証金	階1	階2	間取りDK	間取りK	間取りL	間取りS
0	アドラブール綾瀬	東京都足立区綾瀬６	東京メトロ千代田線/綾瀬駅 歩10分	つくばエクスプレス/青井駅 歩10分	ＪＲ常磐線/綾瀬駅 歩10分	4.0	3.0	4階	112000.0	8000	-/-/11.2万円/-	3	54.65	東京メトロ千代田線/綾瀬駅	10	つくばエクスプレス/青井駅	10.0	ＪＲ常磐線/綾瀬駅	10.0	0.0	0.0	112000.0	-	120000.0	112000.0	4		1	0	0	0
1	アドラブール綾瀬	東京都足立区綾瀬６	東京メトロ千代田線/綾瀬駅 歩10分	つくばエクスプレス/青井駅 歩10分	ＪＲ常磐線/綾瀬駅 歩10分	4.0	3.0	4階	112000.0	8000	-/-/-/-	3	53.76	東京メトロ千代田線/綾瀬駅	10	つくばエクスプレス/青井駅	10.0	ＪＲ常磐線/綾瀬駅	10.0	0.0	0.0	0.0	-	120000.0	0.0	4		1	0	0	0
2	アドラブール綾瀬	東京都足立区綾瀬６	東京メトロ千代田線/綾瀬駅 歩10分	つくばエクスプレス/青井駅 歩10分	ＪＲ常磐線/綾瀬駅 歩10分	4.0	3.0	3階	114000.0	8000	-/-/-/-	3	54.78	東京メトロ千代田線/綾瀬駅	10	つくばエクスプレス/青井駅	10.0	ＪＲ常磐線/綾瀬駅	10.0	0.0	0.0	0.0	-	122000.0	0.0	3		1	0	0	0
3	アドラブール綾瀬	東京都足立区綾瀬６	東京メトロ千代田線/綾瀬駅 歩10分	つくばエクスプレス/青井駅 歩10分	ＪＲ常磐線/綾瀬駅 歩10分	4.0	3.0	3階	115000.0	8000	-/-/-/-	3	56.16	東京メトロ千代田線/綾瀬駅	10	つくばエクスプレス/青井駅	10.0	ＪＲ常磐線/綾瀬駅	10.0	0.0	0.0	0.0	-	123000.0	0.0	3		1	0	0	0
4	アドラブール綾瀬	東京都足立区綾瀬６	東京メトロ千代田線/綾瀬駅 歩10分	つくばエクスプレス/青井駅 歩10分	ＪＲ常磐線/綾瀬駅 歩10分	4.0	3.0	4階	122000.0	8000	-/-/-/-	3	55.11	東京メトロ千代田線/綾瀬駅	10	つくばエクスプレス/青井駅	10.0	ＪＲ常磐線/綾瀬駅	10.0	0.0	0.0	0.0	-	130000.0	0.0	4		1	0	0	0
5	アドラブール綾瀬	東京都足立区綾瀬６	東京メトロ千代田線/綾瀬駅 歩10分	つくばエクスプレス/青井駅 歩10分	ＪＲ常磐線/綾瀬駅 歩10分	4.0	3.0	4階	122000.0	8000	-/-/-/-	3	54.78	東京メトロ千代田線/綾瀬駅	10	つくばエクスプレス/青井駅	10.0	ＪＲ常磐線/綾瀬駅	10.0	0.0	0.0	0.0	-	130000.0	0.0	4		1	0	0	0
6	アドラブール綾瀬	東京都足立区綾瀬６	東京メトロ千代田線/綾瀬駅 歩10分	つくばエクスプレス/青井駅 歩10分	ＪＲ常磐線/綾瀬駅 歩10分	4.0	3.0	3階	122000.0	8000	-/-/-/-	3	54.12	東京メトロ千代田線/綾瀬駅	10	つくばエクスプレス/青井駅	10.0	ＪＲ常磐線/綾瀬駅	10.0	0.0	0.0	0.0	-	130000.0	0.0	3		1	0	0	0
7	アドラブール綾瀬	東京都足立区綾瀬６	東京メトロ千代田線/綾瀬駅 歩10分	つくばエクスプレス/青井駅 歩10分	ＪＲ常磐線/綾瀬駅 歩10分	4.0	3.0	3階	127000.0	8000	-/-/12.7万円/-	3	55.11	東京メトロ千代田線/綾瀬駅	10	つくばエクスプレス/青井駅	10.0	ＪＲ常磐線/綾瀬駅	10.0	0.0	0.0	127000.0	-	135000.0	127000.0	3		1	0	0	0
8	アドラブール綾瀬	東京都足立区綾瀬６	東京メトロ千代田線/綾瀬駅 歩10分	つくばエクスプレス/青井駅 歩10分	ＪＲ常磐線/綾瀬駅 歩10分	4.0	3.0	4階	127000.0	8000	-/-/-/-	3	55.11	東京メトロ千代田線/綾瀬駅	10	つくばエクスプレス/青井駅	10.0	ＪＲ常磐線/綾瀬駅	10.0	0.0	0.0	0.0	-	135000.0	0.0	4		1	0	0	0
9	アルテカーサプレスト北千住	東京都足立区千住宮元町	東京メトロ日比谷線/北千住駅 歩9分	京成本線/千住大橋駅 歩9分	東武伊勢崎線/牛田駅 歩17分	4.0	3.0	1階	77500.0	10000	-/-/7.75万円/-	1	25.57	東京メトロ日比谷線/北千住駅	9	京成本線/千住大橋駅	9.0	東武伊勢崎線/牛田駅	17.0	0.0	0.0	77500.0	-	87500.0	77500.0	1		0	1	0	0
10	アルテカーサプレスト北千住	東京都足立区千住宮元町	東京メトロ日比谷線/北千住駅 歩9分	京成本線/千住大橋駅 歩9分	東武伊勢崎線/牛田駅 歩17分	4.0	3.0	2階	79000.0	10000	7.9万円/-/-/-	1	25.57	東京メトロ日比谷線/北千住駅	9	京成本線/千住大橋駅	9.0	東武伊勢崎線/牛田駅	17.0	79000.0	0.0	0.0	-	89000.0	79000.0	2		0	1	0	0
11	アルテカーサプレスト北千住	東京都足立区千住宮元町	東京メトロ日比谷線/北千住駅 歩9分	京成本線/千住大橋駅 歩9分	東武伊勢崎線/牛田駅 歩17分	4.0	3.0	2階	79000.0	10000	7.9万円/-/-/-	1	25.57	東京メトロ日比谷線/北千住駅	9	京成本線/千住大橋駅	9.0	東武伊勢崎線/牛田駅	17.0	79000.0	0.0	0.0	-	89000.0	79000.0	2		0	1	0	0
12	アルテカーサプレスト北千住	東京都足立区千住宮元町	東京メトロ日比谷線/北千住駅 歩9分	京成本線/千住大橋駅 歩9分	東武伊勢崎線/牛田駅 歩17分	4.0	3.0	3階	79500.0	10000	-/-/7.95万円/-	1	25.57	東京メトロ日比谷線/北千住駅	9	京成本線/千住大橋駅	9.0	東武伊勢崎線/牛田駅	17.0	0.0	0.0	79500.0	-	89500.0	79500.0	3		0	1	0	0
13	アルテカーサプレスト北千住	東京都足立区千住宮元町	東京メトロ日比谷線/北千住駅 歩9分	京成本線/千住大橋駅 歩9分	東武伊勢崎線/牛田駅 歩17分	4.0	3.0	5階	80500.0	10000	8.05万円/-/-/-	1	25.57	東京メトロ日比谷線/北千住駅	9	京成本線/千住大橋駅	9.0	東武伊勢崎線/牛田駅	17.0	80500.0	0.0	0.0	-	90500.0	80500.0	5		0	1	0	0
14	アルテカーサプレスト北千住	東京都足立区千住宮元町	東京メトロ日比谷線/北千住駅 歩9分	京成本線/千住大橋駅 歩9分	東武伊勢崎線/牛田駅 歩17分	4.0	3.0	5階	80500.0	10000	-/-/8.05万円/8.05万円	1	25.57	東京メトロ日比谷線/北千住駅	9	京成本線/千住大橋駅	9.0	東武伊勢崎線/牛田駅	17.0	0.0	0.0	80500.0	8.05万円	90500.0	80500.0	5		0	1	0	0
15	アルテカーサプレスト北千住	東京都足立区千住宮元町	東京メトロ日比谷線/北千住駅 歩9分	京成本線/千住大橋駅 歩9分	東武伊勢崎線/牛田駅 歩17分	4.0	3.0	6階	81000.0	10000	8.1万円/-/-/-	1	25.57	東京メトロ日比谷線/北千住駅	9	京成本線/千住大橋駅	9.0	東武伊勢崎線/牛田駅	17.0	81000.0	0.0	0.0	-	91000.0	81000.0	6		0	1	0	0
16	アルテカーサプレスト北千住	東京都足立区千住宮元町	東京メトロ日比谷線/北千住駅 歩9分	京成本線/千住大橋駅 歩9分	東武伊勢崎線/牛田駅 歩17分	4.0	3.0	6階	81000.0	10000	8.1万円/-/-/-	1	25.57	東京メトロ日比谷線/北千住駅	9	京成本線/千住大橋駅	9.0	東武伊勢崎線/牛田駅	17.0	81000.0	0.0	0.0	-	91000.0	81000.0	6		0	1	0	0
17	アルテカーサプレスト北千住	東京都足立区千住宮元町	東京メトロ日比谷線/北千住駅 歩9分	京成本線/千住大橋駅 歩9分	東武伊勢崎線/牛田駅 歩17分	4.0	3.0	6階	81000.0	10000	-/-/8.1万円/8.1万円	1	25.57	東京メトロ日比谷線/北千住駅	9	京成本線/千住大橋駅	9.0	東武伊勢崎線/牛田駅	17.0	0.0	0.0	81000.0	8.1万円	91000.0	81000.0	6		0	1	0	0
18	アルテカーサプレスト北千住	東京都足立区千住宮元町	東京メトロ日比谷線/北千住駅 歩9分	京成本線/千住大橋駅 歩9分	東武伊勢崎線/牛田駅 歩17分	4.0	3.0	6階	81500.0	10000	-/-/8.15万円/-	1	25.57	東京メトロ日比谷線/北千住駅	9	京成本線/千住大橋駅	9.0	東武伊勢崎線/牛田駅	17.0	0.0	0.0	81500.0	-	91500.0	81500.0	6		0	1	0	0
19	アルテカーサプレスト北千住	東京都足立区千住宮元町	東京メトロ日比谷線/北千住駅 歩9分	京成本線/千住大橋駅 歩9分	東武伊勢崎線/牛田駅 歩17分	4.0	3.0	6階	81500.0	10000	8.15万円/-/-/-	1	25.57	東京メトロ日比谷線/北千住駅	9	京成本線/千住大橋駅	9.0	東武伊勢崎線/牛田駅	17.0	81500.0	0.0	0.0	-	91500.0	81500.0	6		0	1	0	0
20	アルテカーサプレスト北千住	東京都足立区千住宮元町	東京メトロ日比谷線/北千住駅 歩9分	京成本線/千住大橋駅 歩9分	東武伊勢崎線/牛田駅 歩17分	4.0	3.0	7階	82000.0	10000	-/-/8.2万円/8.2万円	1	25.57	東京メトロ日比谷線/北千住駅	9	京成本線/千住大橋駅	9.0	東武伊勢崎線/牛田駅	17.0	0.0	0.0	82000.0	8.2万円	92000.0	82000.0	7		0	1	0	0
21	アルテカーサプレスト北千住	東京都足立区千住宮元町	東京メトロ日比谷線/北千住駅 歩9分	京成本線/千住大橋駅 歩9分	東武伊勢崎線/牛田駅 歩17分	4.0	3.0	8階	82000.0	10000	8.2万円/-/-/-	1	25.57	東京メトロ日比谷線/北千住駅	9	京成本線/千住大橋駅	9.0	東武伊勢崎線/牛田駅	17.0	82000.0	0.0	0.0	-	92000.0	82000.0	8		0	1	0	0
22	アルテカーサプレスト北千住	東京都足立区千住宮元町	東京メトロ日比谷線/北千住駅 歩9分	京成本線/千住大橋駅 歩9分	東武伊勢崎線/牛田駅 歩17分	4.0	3.0	8階	82000.0	10000	8.2万円/-/-/-	1	25.57	東京メトロ日比谷線/北千住駅	9	京成本線/千住大橋駅	9.0	東武伊勢崎線/牛田駅	17.0	82000.0	0.0	0.0	-	92000.0	82000.0	8		0	1	0	0
23	アルテカーサプレスト北千住	東京都足立区千住宮元町	東京メトロ日比谷線/北千住駅 歩9分	京成本線/千住大橋駅 歩9分	東武伊勢崎線/牛田駅 歩17分	4.0	3.0	8階	82000.0	10000	8.2万円/-/-/-	1	25.57	東京メトロ日比谷線/北千住駅	9	京成本線/千住大橋駅	9.0	東武伊勢崎線/牛田駅	17.0	82000.0	0.0	0.0	-	92000.0	82000.0	8		0	1	0	0
24	アルテカーサプレスト北千住	東京都足立区千住宮元町	東京メトロ日比谷線/北千住駅 歩9分	京成本線/千住大橋駅 歩9分	東武伊勢崎線/牛田駅 歩17分	4.0	3.0	8階	82000.0	10000	8.2万円/-/-/-	1	25.57	東京メトロ日比谷線/北千住駅	9	京成本線/千住大橋駅	9.0	東武伊勢崎線/牛田駅	17.0	82000.0	0.0	0.0	-	92000.0	82000.0	8		0	1	0	0
25	アルテカーサプレスト北千住	東京都足立区千住宮元町	東京メトロ日比谷線/北千住駅 歩9分	京成本線/千住大橋駅 歩9分	東武伊勢崎線/牛田駅 歩17分	4.0	3.0	8階	82000.0	10000	-/-/8.2万円/-	1	25.57	東京メトロ日比谷線/北千住駅	9	京成本線/千住大橋駅	9.0	東武伊勢崎線/牛田駅	17.0	0.0	0.0	82000.0	-	92000.0	82000.0	8		0	1	0	0
26	アルテカーサプレスト北千住	東京都足立区千住宮元町	東京メトロ日比谷線/北千住駅 歩9分	京成本線/千住大橋駅 歩9分	東武伊勢崎線/牛田駅 歩17分	4.0	3.0	8階	82500.0	10000	8.25万円/-/-/-	1	25.57	東京メトロ日比谷線/北千住駅	9	京成本線/千住大橋駅	9.0	東武伊勢崎線/牛田駅	17.0	82500.0	0.0	0.0	-	92500.0	82500.0	8		0	1	0	0
27	アルテカーサプレスト北千住	東京都足立区千住宮元町	東京メトロ日比谷線/北千住駅 歩9分	京成本線/千住大橋駅 歩9分	東武伊勢崎線/牛田駅 歩17分	4.0	3.0	9階	82500.0	10000	-/-/8.25万円/8.25万円	1	25.57	東京メトロ日比谷線/北千住駅	9	京成本線/千住大橋駅	9.0	東武伊勢崎線/牛田駅	17.0	0.0	0.0	82500.0	8.25万円	92500.0	82500.0	9		0	1	0	0
28	アルテカーサプレスト北千住	東京都足立区千住宮元町	東京メトロ日比谷線/北千住駅 歩9分	京成本線/千住大橋駅 歩9分	東武伊勢崎線/牛田駅 歩17分	4.0	3.0	8階	82500.0	10000	8.25万円/-/-/-	1	25.57	東京メトロ日比谷線/北千住駅	9	京成本線/千住大橋駅	9.0	東武伊勢崎線/牛田駅	17.0	82500.0	0.0	0.0	-	92500.0	82500.0	8		0	1	0	0
29	アルテカーサプレスト北千住	東京都足立区千住宮元町	東京メトロ日比谷線/北千住駅 歩9分	京成本線/千住大橋駅 歩9分	東武伊勢崎線/牛田駅 歩17分	4.0	3.0	2階	83000.0	10000	-/-/8.3万円/8.3万円	1	29.75	東京メトロ日比谷線/北千住駅	9	京成本線/千住大橋駅	9.0	東武伊勢崎線/牛田駅	17.0	0.0	0.0	83000.0	8.3万円	93000.0	83000.0	2		0	1	0	0
30	アルテカーサプレスト北千住	東京都足立区千住宮元町	東京メトロ日比谷線/北千住駅 歩9分	京成本線/千住大橋駅 歩9分	東武伊勢崎線/牛田駅 歩17分			10階	83000.0	10000	8.3万円/-/-/-	1	25.57	東京メトロ日比谷線/北千住駅	9	京成本線/千住大橋駅	9.0	東武伊勢崎線/牛田駅	17.0	83000.0	0.0	0.0	-	93000.0	83000.0	10		0	1	0	0
31	アルテカーサプレスト北千住	東京都足立区千住宮元町	東京メトロ日比谷線/北千住駅 歩9分	京成本線/千住大橋駅 歩9分	東武伊勢崎線/牛田駅 歩17分			9階	83000.0	10000	-/-/8.3万円/-	1	25.57	東京メトロ日比谷線/北千住駅	9	京成本線/千住大橋駅	9.0	東武伊勢崎線/牛田駅	17.0	0.0	0.0	83000.0	-	93000.0	83000.0	9		0	1	0	0
32	アルテカーサプレスト北千住	東京都足立区千住宮元町	東京メトロ日比谷線/北千住駅 歩9分	京成本線/千住大橋駅 歩9分	東武伊勢崎線/牛田駅 歩17分			10階	83000.0	10000	8.3万円/-/-/-	1	25.57	東京メトロ日比谷線/北千住駅	9	京成本線/千住大橋駅	9.0	東武伊勢崎線/牛田駅	17.0	83000.0	0.0	0.0	-	93000.0	83000.0	10		0	1	0	0
33	アルテカーサプレスト北千住	東京都足立区千住宮元町	東京メトロ日比谷線/北千住駅 歩9分	京成本線/千住大橋駅 歩9分	東武伊勢崎線/牛田駅 歩17分			11階	83500.0	10000	8.35万円/-/-/-	1	25.57	東京メトロ日比谷線/北千住駅	9	京成本線/千住大橋駅	9.0	東武伊勢崎線/牛田駅	17.0	83500.0	0.0	0.0	-	93500.0	83500.0	11		0	1	0	0
34	アルテカーサプレスト北千住	東京都足立区千住宮元町	東京メトロ日比谷線/北千住駅 歩9分	京成本線/千住大橋駅 歩9分	東武伊勢崎線/牛田駅 歩17分			11階	84000.0	10000	8.4万円/-/-/-	1	25.57	東京メトロ日比谷線/北千住駅	9	京成本線/千住大橋駅	9.0	東武伊勢崎線/牛田駅	17.0	84000.0	0.0	0.0	-	94000.0	84000.0	11		0	1	0	0
35	フェリーチェ	東京都足立区西綾瀬４	東京メトロ千代田線/綾瀬駅 歩12分	つくばエクスプレス/青井駅 歩6分	東武伊勢崎線/五反野駅 歩14分			3階	76000.0	3000	7.6万円/-/-/-	1	25.25	東京メトロ千代田線/綾瀬駅	12	つくばエクスプレス/青井駅	6.0	東武伊勢崎線/五反野駅	14.0	76000.0	0.0	0.0	-	79000.0	76000.0	3		0	1	0	0
36	リブリ・王子神谷テラス	東京都足立区新田２	東京メトロ南北線/王子神谷駅 歩14分	ＪＲ京浜東北線/東十条駅 歩23分	ＪＲ埼京線/赤羽駅 バス11分 (バス停)環七新田 歩6分			1階	65000.0	4000	-/6.5万円/-/-	1	26.08	東京メトロ南北線/王子神谷駅	14	ＪＲ京浜東北線/東十条駅	23.0	ＪＲ埼京線/赤羽駅 バス11分 (バス停)環七新田	6.0	0.0	65000.0	0.0	-	69000.0	65000.0	1		0	1	0	0
37	リブリ・王子神谷テラス	東京都足立区新田２	東京メトロ南北線/王子神谷駅 歩14分	ＪＲ京浜東北線/東十条駅 歩23分	ＪＲ埼京線/赤羽駅 バス11分 (バス停)環七新田 歩6分			1階	65000.0	4000	-/6.5万円/-/-	1	26.08	東京メトロ南北線/王子神谷駅	14	ＪＲ京浜東北線/東十条駅	23.0	ＪＲ埼京線/赤羽駅 バス11分 (バス停)環七新田	6.0	0.0	65000.0	0.0	-	69000.0	65000.0	1		0	1	0	0
38	リブリ・王子神谷テラス	東京都足立区新田２	東京メトロ南北線/王子神谷駅 歩14分	ＪＲ京浜東北線/東十条駅 歩23分	ＪＲ埼京線/赤羽駅 バス11分 (バス停)環七新田 歩6分			1階	66000.0	4000	-/6.6万円/-/-	1	26.08	東京メトロ南北線/王子神谷駅	14	ＪＲ京浜東北線/東十条駅	23.0	ＪＲ埼京線/赤羽駅 バス11分 (バス停)環七新田	6.0	0.0	66000.0	0.0	-	70000.0	66000.0	1		0	1	0	0
39	第三鳥塚ビル	東京都足立区綾瀬２	ＪＲ常磐線/綾瀬駅 歩4分	つくばエクスプレス/青井駅 歩23分	東武伊勢崎線/小菅駅 歩17分			4階	82000.0	7000	8.2万円/-/-/-	2	50.0	ＪＲ常磐線/綾瀬駅	4	つくばエクスプレス/青井駅	23.0	東武伊勢崎線/小菅駅	17.0	82000.0	0.0	0.0	-	89000.0	82000.0	4		1	0	1	0
40	第三鳥塚ビル	東京都足立区綾瀬２	ＪＲ常磐線/綾瀬駅 歩4分	つくばエクスプレス/青井駅 歩23分	東武伊勢崎線/小菅駅 歩17分			2階	88000.0	7000	8.8万円/-/-/-	2	50.0	ＪＲ常磐線/綾瀬駅	4	つくばエクスプレス/青井駅	23.0	東武伊勢崎線/小菅駅	17.0	88000.0	0.0	0.0	-	95000.0	88000.0	2		1	0	1	0
41	エムズ	東京都足立区鹿浜８	日暮里・舎人ライナー/谷在家駅 歩8分	日暮里・舎人ライナー/西新井大師西駅 歩10分	ＪＲ京浜東北線/赤羽駅 バス24分 (バス停)鹿浜6丁目 歩6分			2階	84000.0	3000	4.2万円/8.4万円/-/-	2	57.0	日暮里・舎人ライナー/谷在家駅	8	日暮里・舎人ライナー/西新井大師西駅	10.0	ＪＲ京浜東北線/赤羽駅 バス24分 (バス停)鹿浜6丁目	6.0	42000.0	84000.0	0.0	-	87000.0	126000.0	2		1	0	1	0
42	カーサストーン	東京都足立区谷中３	東京メトロ千代田線/北綾瀬駅 歩10分	つくばエクスプレス/六町駅 歩18分	つくばエクスプレス/青井駅 歩28分			5階	88000.0	7000	-/-/-/-	3	66.52	東京メトロ千代田線/北綾瀬駅	10	つくばエクスプレス/六町駅	18.0	つくばエクスプレス/青井駅	28.0	0.0	0.0	0.0	-	95000.0	0.0	5		1	0	1	0
43	シャトーメルヴェーユ	東京都足立区伊興本町１	東武伊勢崎線/竹ノ塚駅 歩8分					3階	102000.0	10000	10.2万円/-/-/-	3	65.63	東武伊勢崎線/竹ノ塚駅	8					102000.0	0.0	0.0	-	112000.0	102000.0	3		1	0	1	0
44	ＲｏｓｅｄｅＮｏｅｌ	東京都足立区江北３	日暮里・舎人ライナー/江北駅 歩11分	東武伊勢崎線/西新井駅 バス7分 (バス停)上沼田団地入口（バス） 歩4分	東武伊勢崎線/北千住駅 バス20分 (バス停)上沼田団地入口（バス） 歩4分			1階	93000.0	3000	-/-/-/-	2	55.0	日暮里・舎人ライナー/江北駅	11	東武伊勢崎線/西新井駅 バス7分 (バス停)上沼田団地入口（バス）	4.0	東武伊勢崎線/北千住駅 バス20分 (バス停)上沼田団地入口（バス）	4.0	0.0	0.0	0.0	-	96000.0	0.0	1		1	0	1	0
45	サンジュール	東京都足立区江北７	日暮里・舎人ライナー/西新井大師西駅 歩10分	東武大師線/大師前駅 歩20分	東京メトロ日比谷線/北千住駅 車17分(7.1km)			3階	80000.0	3500	8万円/-/-/-	1	36.0	日暮里・舎人ライナー/西新井大師西駅	10	東武大師線/大師前駅	20.0	東京メトロ日比谷線/北千住駅 車17分(7.1km)		80000.0	0.0	0.0	-	83500.0	80000.0	3		1	0	1	0
46	リヴィエール青井Ａ棟	東京都足立区青井５	つくばエクスプレス/青井駅 歩8分	つくばエクスプレス/六町駅 歩12分	東武伊勢崎線/五反野駅 歩25分			1階	72000.0	3000	-/-/-/-	3	52.17	つくばエクスプレス/青井駅	8	つくばエクスプレス/六町駅	12.0	東武伊勢崎線/五反野駅	25.0	0.0	0.0	0.0	-	75000.0	0.0	1		1	0	0	0
47	東武大師線 大師前駅 2階建 築6年	東京都足立区西新井本町１	東武大師線/大師前駅 歩11分	東武伊勢崎線/西新井駅 歩16分	日暮里・舎人ライナー/江北駅 歩14分			1階	78000.0	2000	7.8万円/7.8万円/-/-	1	42.1	東武大師線/大師前駅	11	東武伊勢崎線/西新井駅	16.0	日暮里・舎人ライナー/江北駅	14.0	78000.0	78000.0	0.0	-	80000.0	156000.0	1		1	0	1	0
48	東武大師線 大師前駅 2階建 築6年	東京都足立区西新井本町１	東武大師線/大師前駅 歩11分	東武伊勢崎線/西新井駅 歩16分	日暮里・舎人ライナー/江北駅 歩14分			1階	78000.0	2000	7.8万円/7.8万円/-/-	1	42.1	東武大師線/大師前駅	11	東武伊勢崎線/西新井駅	16.0	日暮里・舎人ライナー/江北駅	14.0	78000.0	78000.0	0.0	-	80000.0	156000.0	1		1	0	1	0
49	コモド	東京都足立区綾瀬５	ＪＲ常磐線/綾瀬駅 歩11分	つくばエクスプレス/青井駅 歩16分	東京メトロ千代田線/北綾瀬駅 歩15分			1階	76000.0	5000	7.6万円/7.6万円/-/-	1	40.0	ＪＲ常磐線/綾瀬駅	11	つくばエクスプレス/青井駅	16.0	東京メトロ千代田線/北綾瀬駅	15.0	76000.0	76000.0	0.0	-	81000.0	152000.0	1		1	0	1	0
50	ＪＲ常磐線 綾瀬駅 3階建 築2年	東京都足立区綾瀬５	ＪＲ常磐線/綾瀬駅 歩8分	つくばエクスプレス/青井駅 歩14分	東京メトロ千代田線/北綾瀬駅 歩15分			1階	76000.0	5000	7.6万円/7.6万円/-/-	1	40.0	ＪＲ常磐線/綾瀬駅	8	つくばエクスプレス/青井駅	14.0	東京メトロ千代田線/北綾瀬駅	15.0	76000.0	76000.0	0.0	-	81000.0	152000.0	1		1	0	1	0
51	サンライズ朝香	東京都足立区伊興４	東武伊勢崎線/竹ノ塚駅 歩8分	日暮里・舎人ライナー/舎人公園駅 歩25分	日暮里・舎人ライナー/谷在家駅 歩25分			4階	88000.0	10000	8.8万円/-/-/-	2	50.0	東武伊勢崎線/竹ノ塚駅	8	日暮里・舎人ライナー/舎人公園駅	25.0	日暮里・舎人ライナー/谷在家駅	25.0	88000.0	0.0	0.0	-	98000.0	88000.0	4		1	0	1	0
52	アーバングレース	東京都足立区梅島２	東武伊勢崎線/梅島駅 歩4分	東武伊勢崎線/西新井駅 歩10分	東武伊勢崎線/五反野駅 歩21分			2階	83000.0	2500	8.3万円/8.3万円/-/-	1	49.96	東武伊勢崎線/梅島駅	4	東武伊勢崎線/西新井駅	10.0	東武伊勢崎線/五反野駅	21.0	83000.0	83000.0	0.0	-	85500.0	166000.0	2		1	0	1	0
53	サンモール・アイ	東京都足立区青井５	つくばエクスプレス/青井駅 歩7分	東京メトロ千代田線/北綾瀬駅 歩13分	つくばエクスプレス/六町駅 歩12分			1階	66000.0	4000	13.2万円/-/-/-	1	31.57	つくばエクスプレス/青井駅	7	東京メトロ千代田線/北綾瀬駅	13.0	つくばエクスプレス/六町駅	12.0	132000.0	0.0	0.0	-	70000.0	132000.0	1		0	1	0	0
54	サンモール・アイ	東京都足立区青井５	つくばエクスプレス/青井駅 歩7分	東京メトロ千代田線/北綾瀬駅 歩13分	つくばエクスプレス/六町駅 歩12分			2階	77000.0	4000	15.4万円/-/-/-	1	42.84	つくばエクスプレス/青井駅	7	東京メトロ千代田線/北綾瀬駅	13.0	つくばエクスプレス/六町駅	12.0	154000.0	0.0	0.0	-	81000.0	154000.0	2		1	0	1	0
55	サンモール・アイ	東京都足立区青井５	つくばエクスプレス/青井駅 歩7分	東京メトロ千代田線/北綾瀬駅 歩13分	つくばエクスプレス/六町駅 歩12分			2階	79000.0	4000	15.8万円/-/-/-	1	42.84	つくばエクスプレス/青井駅	7	東京メトロ千代田線/北綾瀬駅	13.0	つくばエクスプレス/六町駅	12.0	158000.0	0.0	0.0	-	83000.0	158000.0	2		1	0	1	0
56	サンモール・アイ	東京都足立区青井５	つくばエクスプレス/青井駅 歩7分	東京メトロ千代田線/北綾瀬駅 歩13分	つくばエクスプレス/六町駅 歩12分			2階	79000.0	4000	15.8万円/-/-/-	1	42.84	つくばエクスプレス/青井駅	7	東京メトロ千代田線/北綾瀬駅	13.0	つくばエクスプレス/六町駅	12.0	158000.0	0.0	0.0	-	83000.0	158000.0	2		1	0	1	0
57	ダイアパレス西新井大師前	東京都足立区興野２	日暮里・舎人ライナー/高野駅 歩9分	日暮里・舎人ライナー/扇大橋駅 歩13分	日暮里・舎人ライナー/江北駅 歩14分			2階	90000.0	3000	9万円/9万円/-/-	3	62.8	日暮里・舎人ライナー/高野駅	9	日暮里・舎人ライナー/扇大橋駅	13.0	日暮里・舎人ライナー/江北駅	14.0	90000.0	90000.0	0.0	-	93000.0	180000.0	2		1	0	1	0
58	ベルフォート西新井	東京都足立区島根４	東武伊勢崎線/西新井駅 歩9分	東武伊勢崎線/梅島駅 歩15分				2階	80000.0	10000	8万円/8万円/-/-	1	40.46	東武伊勢崎線/西新井駅	9	東武伊勢崎線/梅島駅	15.0			80000.0	80000.0	0.0	-	90000.0	160000.0	2		1	0	1	0
59	ベルフォート西新井	東京都足立区島根４	東武伊勢崎線/西新井駅 歩9分	東武伊勢崎線/梅島駅 歩15分				5階	86000.0	10000	8.6万円/8.6万円/-/-	1	43.55	東武伊勢崎線/西新井駅	9	東武伊勢崎線/梅島駅	15.0			86000.0	86000.0	0.0	-	96000.0	172000.0	5		1	0	1	0
60	ベルフォート西新井	東京都足立区島根４	東武伊勢崎線/西新井駅 歩9分	東武伊勢崎線/梅島駅 歩15分				3階	122000.0	10000	12.2万円/12.2万円/-/-	2	62.47	東武伊勢崎線/西新井駅	9	東武伊勢崎線/梅島駅	15.0			122000.0	122000.0	0.0	-	132000.0	244000.0	3		1	0	1	0
61	カーサニコル3	東京都足立区堀之内１	日暮里・舎人ライナー/江北駅 歩15分	東京メトロ南北線/王子神谷駅 車8分(3.2km)	都電荒川線/荒川車庫前駅 車13分(3.9km)			1階	85000.0	3000	-/-/-/-	2	49.17	日暮里・舎人ライナー/江北駅	15	東京メトロ南北線/王子神谷駅 車8分(3.2km)		都電荒川線/荒川車庫前駅 車13分(3.9km)		0.0	0.0	0.0	-	88000.0	0.0	1		1	0	1	0
62	カーサニコル3	東京都足立区堀之内１	日暮里・舎人ライナー/江北駅 歩15分	東京メトロ南北線/王子神谷駅 車8分(3.2km)	都電荒川線/荒川車庫前駅 車13分(3.9km)			1階	87000.0	3000	-/-/-/-	2	49.17	日暮里・舎人ライナー/江北駅	15	東京メトロ南北線/王子神谷駅 車8分(3.2km)		都電荒川線/荒川車庫前駅 車13分(3.9km)		0.0	0.0	0.0	-	90000.0	0.0	1		1	0	1	0
63	ルチルみすみII	東京都足立区江北５	日暮里・舎人ライナー/江北駅 歩10分	東武伊勢崎線/西新井駅 歩30分	東武大師線/大師前駅 歩19分			2階	84000.0	3000	8.4万円/-/-/-	1	41.25	日暮里・舎人ライナー/江北駅	10	東武伊勢崎線/西新井駅	30.0	東武大師線/大師前駅	19.0	84000.0	0.0	0.0	-	87000.0	84000.0	2		1	0	1	0
64	エクセレンス	東京都足立区皿沼３	日暮里・舎人ライナー/谷在家駅 歩10分	日暮里・舎人ライナー/舎人公園駅 歩11分	日暮里・舎人ライナー/西新井大師西駅 歩21分			2階	79000.0	3000	-/3.01万円/4.51万円/-	1	40.35	日暮里・舎人ライナー/谷在家駅	10	日暮里・舎人ライナー/舎人公園駅	11.0	日暮里・舎人ライナー/西新井大師西駅	21.0	0.0	30099.999999999996	45100.0	-	82000.0	75200.0	2		1	0	1	0
65	エクセレンス	東京都足立区皿沼３	日暮里・舎人ライナー/谷在家駅 歩10分	日暮里・舎人ライナー/舎人公園駅 歩11分	日暮里・舎人ライナー/西新井大師西駅 歩21分			2階	82000.0	3000	-/3万円/-/-	1	40.35	日暮里・舎人ライナー/谷在家駅	10	日暮里・舎人ライナー/舎人公園駅	11.0	日暮里・舎人ライナー/西新井大師西駅	21.0	0.0	30000.0	0.0	-	85000.0	30000.0	2		1	0	1	0
66	ソフィアコート	東京都足立区入谷３	日暮里・舎人ライナー/見沼代親水公園駅 歩13分					8階	76000.0	6000	7.6万円/3.8万円/-/-	1	40.0	日暮里・舎人ライナー/見沼代親水公園駅	13					76000.0	38000.0	0.0	-	82000.0	114000.0	8		1	0	1	0
67	サンビレッジ保塚Ｃ	東京都足立区保塚町	つくばエクスプレス/六町駅 歩10分	つくばエクスプレス/青井駅 歩27分	東武伊勢崎線/西新井駅 歩60分			2階	86000.0	2000	4.3万円/12.9万円/-/-	2	51.8	つくばエクスプレス/六町駅	10	つくばエクスプレス/青井駅	27.0	東武伊勢崎線/西新井駅	60.0	43000.0	129000.0	0.0	-	88000.0	172000.0	2		1	0	1	0
68	ヴェルジェ東伊興	東京都足立区東伊興３	東武伊勢崎線/竹ノ塚駅 歩8分	日暮里・舎人ライナー/舎人公園駅 歩28分	東武伊勢崎線/谷塚駅 歩29分			3階	95000.0	4000	9.5万円/-/-/-	2	56.2	東武伊勢崎線/竹ノ塚駅	8	日暮里・舎人ライナー/舎人公園駅	28.0	東武伊勢崎線/谷塚駅	29.0	95000.0	0.0	0.0	-	99000.0	95000.0	3		1	0	1	0
69	パリス・デイジー	東京都足立区加平２	東京メトロ千代田線/北綾瀬駅 歩10分	つくばエクスプレス/六町駅 歩13分	つくばエクスプレス/青井駅 歩21分			2階	87000.0	3500	-/8.7万円/-/-	1	41.27	東京メトロ千代田線/北綾瀬駅	10	つくばエクスプレス/六町駅	13.0	つくばエクスプレス/青井駅	21.0	0.0	87000.0	0.0	-	90500.0	87000.0	2		1	0	1	0
70	パリス・デイジー	東京都足立区加平２	東京メトロ千代田線/北綾瀬駅 歩10分	つくばエクスプレス/六町駅 歩13分	つくばエクスプレス/青井駅 歩21分			2階	87000.0	3500	-/8.7万円/-/-	1	41.27	東京メトロ千代田線/北綾瀬駅	10	つくばエクスプレス/六町駅	13.0	つくばエクスプレス/青井駅	21.0	0.0	87000.0	0.0	-	90500.0	87000.0	2		1	0	1	0
71	大師グリーンプラザ	東京都足立区西新井２	東武大師線/大師前駅 歩11分	日暮里・舎人ライナー/西新井大師西駅 歩18分				2階	92000.0	5000	-/-/-/-	3	60.9	東武大師線/大師前駅	11	日暮里・舎人ライナー/西新井大師西駅	18.0			0.0	0.0	0.0	-	97000.0	0.0	2		1	0	1	0
72	フォーリア	東京都足立区東保木間１	つくばエクスプレス/六町駅 歩11分					2階	83000.0	3000	-/8.3万円/-/-	1	42.59	つくばエクスプレス/六町駅	11					0.0	83000.0	0.0	-	86000.0	83000.0	2		1	0	1	0
73	Rich　Prosper（リッチ プラスパ）	東京都足立区皿沼１	日暮里・舎人ライナー/舎人公園駅 歩12分	日暮里・舎人ライナー/谷在家駅 歩15分	日暮里・舎人ライナー/西新井大師西駅 歩24分			4階	82000.0	7000	8.2万円/-/-/-	1	45.63	日暮里・舎人ライナー/舎人公園駅	12	日暮里・舎人ライナー/谷在家駅	15.0	日暮里・舎人ライナー/西新井大師西駅	24.0	82000.0	0.0	0.0	-	89000.0	82000.0	4		1	0	1	0
74	Rich　Prosper（リッチ プラスパ）	東京都足立区皿沼１	日暮里・舎人ライナー/舎人公園駅 歩12分	日暮里・舎人ライナー/谷在家駅 歩15分	日暮里・舎人ライナー/西新井大師西駅 歩24分			5階	83000.0	7000	8.3万円/-/-/-	1	45.63	日暮里・舎人ライナー/舎人公園駅	12	日暮里・舎人ライナー/谷在家駅	15.0	日暮里・舎人ライナー/西新井大師西駅	24.0	83000.0	0.0	0.0	-	90000.0	83000.0	5		1	0	1	0
75	アデニウム五反野	東京都足立区足立４	東武伊勢崎線/五反野駅 歩6分		東武伊勢崎線/小菅駅 歩20分			6階	120000.0	0	24万円/12万円/-/-	3	71.37	東武伊勢崎線/五反野駅	6			東武伊勢崎線/小菅駅	20.0	240000.0	120000.0	0.0	-	120000.0	360000.0	6		1	0	1	0
76	パティオ神田	東京都千代田区岩本町２	ＪＲ山手線/神田駅 歩6分	ＪＲ総武線/秋葉原駅 歩9分	東京メトロ銀座線/三越前駅 歩10分	6.0	41.0	8階	98000.0	12000	-/-/9.8万円/-	1	25.03	ＪＲ山手線/神田駅	6	ＪＲ総武線/秋葉原駅	9.0	東京メトロ銀座線/三越前駅	10.0	0.0	0.0	98000.0	-	110000.0	98000.0	8		0	1	0	0
77	パティオ神田	東京都千代田区岩本町２	ＪＲ山手線/神田駅 歩6分	ＪＲ総武線/秋葉原駅 歩9分	東京メトロ銀座線/三越前駅 歩10分	6.0	41.0	8階	107000.0	12000	-/-/21.4万円/21.4万円	1	25.03	ＪＲ山手線/神田駅	6	ＪＲ総武線/秋葉原駅	9.0	東京メトロ銀座線/三越前駅	10.0	0.0	0.0	214000.0	21.4万円	119000.0	214000.0	8		0	1	0	0
78	パティオ神田	東京都千代田区岩本町２	ＪＲ山手線/神田駅 歩6分	ＪＲ総武線/秋葉原駅 歩9分	東京メトロ銀座線/三越前駅 歩10分	6.0	41.0	8階	107000.0	12000	-/-/21.4万円/21.4万円	1	25.01	ＪＲ山手線/神田駅	6	ＪＲ総武線/秋葉原駅	9.0	東京メトロ銀座線/三越前駅	10.0	0.0	0.0	214000.0	21.4万円	119000.0	214000.0	8		0	1	0	0
79	パティオ神田	東京都千代田区岩本町２	ＪＲ山手線/神田駅 歩6分	ＪＲ総武線/秋葉原駅 歩9分	東京メトロ銀座線/三越前駅 歩10分	6.0	41.0	9階	109000.0	12000	-/-/21.8万円/-	1	25.04	ＪＲ山手線/神田駅	6	ＪＲ総武線/秋葉原駅	9.0	東京メトロ銀座線/三越前駅	10.0	0.0	0.0	218000.0	-	121000.0	218000.0	9		0	1	0	0
80	パティオ神田	東京都千代田区岩本町２	ＪＲ山手線/神田駅 歩6分	ＪＲ総武線/秋葉原駅 歩9分	東京メトロ銀座線/三越前駅 歩10分	6.0	41.0	8階	117000.0	8000	-/-/-/-	1	25.01	ＪＲ山手線/神田駅	6	ＪＲ総武線/秋葉原駅	9.0	東京メトロ銀座線/三越前駅	10.0	0.0	0.0	0.0	-	125000.0	0.0	8		0	1	0	0
81	パティオ神田	東京都千代田区岩本町２	ＪＲ山手線/神田駅 歩6分	ＪＲ総武線/秋葉原駅 歩9分	東京メトロ銀座線/三越前駅 歩10分	6.0	41.0	8階	117000.0	12000	-/-/-/-	1	25.04	ＪＲ山手線/神田駅	6	ＪＲ総武線/秋葉原駅	9.0	東京メトロ銀座線/三越前駅	10.0	0.0	0.0	0.0	-	129000.0	0.0	8		0	1	0	0
82	パティオ神田	東京都千代田区岩本町２	ＪＲ山手線/神田駅 歩6分	ＪＲ総武線/秋葉原駅 歩9分	東京メトロ銀座線/三越前駅 歩10分	6.0	41.0	9階	119000.0	12000	-/-/-/-	1	25.04	ＪＲ山手線/神田駅	6	ＪＲ総武線/秋葉原駅	9.0	東京メトロ銀座線/三越前駅	10.0	0.0	0.0	0.0	-	131000.0	0.0	9		0	1	0	0
83	パティオ神田	東京都千代田区岩本町２	ＪＲ山手線/神田駅 歩6分	ＪＲ総武線/秋葉原駅 歩9分	東京メトロ銀座線/三越前駅 歩10分	6.0	41.0	13階	129000.0	12000	-/-/25.8万円/25.8万円	1	30.19	ＪＲ山手線/神田駅	6	ＪＲ総武線/秋葉原駅	9.0	東京メトロ銀座線/三越前駅	10.0	0.0	0.0	258000.0	25.8万円	141000.0	258000.0	13		1	0	1	0
84	パティオ神田	東京都千代田区岩本町２	ＪＲ山手線/神田駅 歩6分	ＪＲ総武線/秋葉原駅 歩9分	東京メトロ銀座線/三越前駅 歩10分	6.0	41.0	13階	129000.0	12000	-/-/25.8万円/-	1	30.19	ＪＲ山手線/神田駅	6	ＪＲ総武線/秋葉原駅	9.0	東京メトロ銀座線/三越前駅	10.0	0.0	0.0	258000.0	-	141000.0	258000.0	13		0	1	0	0
85	パティオ神田	東京都千代田区岩本町２	ＪＲ山手線/神田駅 歩6分	ＪＲ総武線/秋葉原駅 歩9分	東京メトロ銀座線/三越前駅 歩10分	6.0	41.0	13階	139000.0	12000	-/-/-/-	1	30.19	ＪＲ山手線/神田駅	6	ＪＲ総武線/秋葉原駅	9.0	東京メトロ銀座線/三越前駅	10.0	0.0	0.0	0.0	-	151000.0	0.0	13		1	0	1	0
86	パティオ神田	東京都千代田区岩本町２	ＪＲ山手線/神田駅 歩6分	ＪＲ総武線/秋葉原駅 歩9分	東京メトロ銀座線/三越前駅 歩10分	6.0	41.0	5階	175000.0	12000	-/-/35万円/-	1	45.81	ＪＲ山手線/神田駅	6	ＪＲ総武線/秋葉原駅	9.0	東京メトロ銀座線/三越前駅	10.0	0.0	0.0	350000.0	-	187000.0	350000.0	5		1	0	1	0
87	ＪＲ山手線 秋葉原駅 12階建 築12年	東京都千代田区岩本町３	ＪＲ山手線/秋葉原駅 歩5分	ＪＲ総武線快速/馬喰町駅 歩7分	都営新宿線/岩本町駅 歩3分	6.0	41.0	8階	99000.0	0	9.9万円/9.9万円/-/-	1	31.01	ＪＲ山手線/秋葉原駅	5	ＪＲ総武線快速/馬喰町駅	7.0	都営新宿線/岩本町駅	3.0	99000.0	99000.0	0.0	-	99000.0	198000.0	8		0	0	0	0
88	ＪＲ山手線 秋葉原駅 12階建 築12年	東京都千代田区岩本町３	ＪＲ山手線/秋葉原駅 歩5分	ＪＲ総武線快速/馬喰町駅 歩7分	都営新宿線/岩本町駅 歩3分	6.0	41.0	8階	99000.0	0	9.9万円/9.9万円/-/-	1	31.01	ＪＲ山手線/秋葉原駅	5	ＪＲ総武線快速/馬喰町駅	7.0	都営新宿線/岩本町駅	3.0	99000.0	99000.0	0.0	-	99000.0	198000.0	8		0	0	0	0
89	ワテラスタワーレジデンス	東京都千代田区神田淡路町２	ＪＲ中央線/御茶ノ水駅 歩4分	東京メトロ千代田線/新御茶ノ水駅 歩3分	都営新宿線/小川町駅 歩4分	6.0	41.0	30階	270000.0	0	54万円/27万円/-/-	1	51.04	ＪＲ中央線/御茶ノ水駅	4	東京メトロ千代田線/新御茶ノ水駅	3.0	都営新宿線/小川町駅	4.0	540000.0	270000.0	0.0	-	270000.0	810000.0	30		1	0	1	0
90	ワテラスタワーレジデンス	東京都千代田区神田淡路町２	ＪＲ中央線/御茶ノ水駅 歩4分	東京メトロ千代田線/新御茶ノ水駅 歩3分	都営新宿線/小川町駅 歩4分	6.0	41.0	30階	480000.0	0	96万円/48万円/-/-	2	81.71	ＪＲ中央線/御茶ノ水駅	4	東京メトロ千代田線/新御茶ノ水駅	3.0	都営新宿線/小川町駅	4.0	960000.0	480000.0	0.0	-	480000.0	1440000.0	30		1	0	1	0
91	ワテラスタワーレジデンス	東京都千代田区神田淡路町２	ＪＲ中央線/御茶ノ水駅 歩4分	東京メトロ千代田線/新御茶ノ水駅 歩3分	都営新宿線/小川町駅 歩4分	6.0	41.0	22階	650000.0	0	65万円/65万円/-/-	4	104.18	ＪＲ中央線/御茶ノ水駅	4	東京メトロ千代田線/新御茶ノ水駅	3.0	都営新宿線/小川町駅	4.0	650000.0	650000.0	0.0	-	650000.0	1300000.0	22		0	1	0	0
92	ワテラスタワーレジデンス	東京都千代田区神田淡路町２	ＪＲ中央線/御茶ノ水駅 歩4分	東京メトロ千代田線/新御茶ノ水駅 歩3分	都営新宿線/小川町駅 歩4分	6.0	41.0	22階	650000.0	0	65万円/65万円/-/-	4	104.18	ＪＲ中央線/御茶ノ水駅	4	東京メトロ千代田線/新御茶ノ水駅	3.0	都営新宿線/小川町駅	4.0	650000.0	650000.0	0.0	-	650000.0	1300000.0	22		0	1	0	0
93	ザ・パークハウス千代田麹町	東京都千代田区麹町６	東京メトロ丸ノ内線/四ツ谷駅 歩3分	東京メトロ有楽町線/麹町駅 歩6分	東京メトロ有楽町線/市ヶ谷駅 歩15分	6.0	41.0	11階	398000.0	0	79.6万円/39.8万円/-/-	2	75.57	東京メトロ丸ノ内線/四ツ谷駅	3	東京メトロ有楽町線/麹町駅	6.0	東京メトロ有楽町線/市ヶ谷駅	15.0	796000.0	398000.0	0.0	-	398000.0	1194000.0	11		1	0	1	0
94	ザ・パークハウス千代田麹町	東京都千代田区麹町６	東京メトロ丸ノ内線/四ツ谷駅 歩3分	東京メトロ有楽町線/麹町駅 歩6分	東京メトロ有楽町線/市ヶ谷駅 歩15分	6.0	41.0	9階	420000.0	0	84万円/42万円/-/-	3	80.12	東京メトロ丸ノ内線/四ツ谷駅	3	東京メトロ有楽町線/麹町駅	6.0	東京メトロ有楽町線/市ヶ谷駅	15.0	840000.0	420000.0	0.0	-	420000.0	1260000.0	9		1	0	1	0
95	プルデンシャルタワーレジデンス	東京都千代田区永田町２	東京メトロ銀座線/赤坂見附駅 歩1分	東京メトロ半蔵門線/永田町駅 歩5分	東京メトロ千代田線/赤坂駅 歩7分	6.0	41.0	26階	850000.0	0	340万円/-/-/-	2	140.17	東京メトロ銀座線/赤坂見附駅	1	東京メトロ半蔵門線/永田町駅	5.0	東京メトロ千代田線/赤坂駅	7.0	3400000.0	0.0	0.0	-	850000.0	3400000.0	26		1	0	1	0
96	プルデンシャルタワーレジデンス	東京都千代田区永田町２	東京メトロ銀座線/赤坂見附駅 歩1分	東京メトロ半蔵門線/永田町駅 歩5分	東京メトロ千代田線/赤坂駅 歩7分	6.0	41.0	34階	1000000.0	0	400万円/-/-/-	3	164.22	東京メトロ銀座線/赤坂見附駅	1	東京メトロ半蔵門線/永田町駅	5.0	東京メトロ千代田線/赤坂駅	7.0	4000000.0	0.0	0.0	-	1000000.0	4000000.0	34		1	0	1	0
97	日興パレス三番町	東京都千代田区三番町	東京メトロ半蔵門線/半蔵門駅 歩8分	東京メトロ東西線/九段下駅 歩11分	ＪＲ中央線/市ヶ谷駅 歩11分	6.0	41.0	4階	69000.0	0	6.9万円/-/-/-	1	16.33	東京メトロ半蔵門線/半蔵門駅	8	東京メトロ東西線/九段下駅	11.0	ＪＲ中央線/市ヶ谷駅	11.0	69000.0	0.0	0.0	-	69000.0	69000.0	4		0	0	0	0
98	パークコート千代田富士見ザタワー	東京都千代田区富士見２	ＪＲ中央線/飯田橋駅 歩3分			6.0	41.0	12階	285000.0	0	57万円/57万円/-/-	1	45.97	ＪＲ中央線/飯田橋駅	3					570000.0	570000.0	0.0	-	285000.0	1140000.0	12		1	0	1	0
99	パークコート千代田富士見ザタワー	東京都千代田区富士見２	ＪＲ中央線/飯田橋駅 歩3分			6.0	41.0	4階	350000.0	10000	70万円/35万円/-/-	2	55.97	ＪＲ中央線/飯田橋駅	3					700000.0	350000.0	0.0	-	360000.0	1050000.0	4		1	0	1	0
100	パークコート千代田富士見ザタワー	東京都千代田区富士見２	ＪＲ中央線/飯田橋駅 歩3分			6.0	41.0	22階	380000.0	0	76万円/38万円/-/-	1	64.47	ＪＲ中央線/飯田橋駅	3					760000.0	380000.0	0.0	-	380000.0	1140000.0	22		1	0	1	1
101	パークコート千代田富士見ザタワー	東京都千代田区富士見２	ＪＲ中央線/飯田橋駅 歩3分			6.0	41.0	30階	430000.0	0	86万円/43万円/-/-	2	78.82	ＪＲ中央線/飯田橋駅	3					860000.0	430000.0	0.0	-	430000.0	1290000.0	30		1	0	1	1
102	パークコート千代田富士見ザタワー	東京都千代田区富士見２	ＪＲ中央線/飯田橋駅 歩3分			6.0	41.0	37階	750000.0	0	150万円/150万円/-/-	3	88.21	ＪＲ中央線/飯田橋駅	3					1500000.0	1500000.0	0.0	-	750000.0	3000000.0	37		1	0	1	0
103	チェスターハウス九段下	東京都千代田区飯田橋２	東京メトロ東西線/飯田橋駅 歩4分	都営新宿線/九段下駅 歩6分	東京メトロ有楽町線/飯田橋駅 歩4分	6.0	41.0	7階	224000.0	8000	22.4万円/22.4万円/-/-	2	54.54	東京メトロ東西線/飯田橋駅	4	都営新宿線/九段下駅	6.0	東京メトロ有楽町線/飯田橋駅	4.0	224000.0	224000.0	0.0	-	232000.0	448000.0	7		1	0	1	0
104	チェスターハウス九段下	東京都千代田区飯田橋２	東京メトロ東西線/飯田橋駅 歩4分	都営新宿線/九段下駅 歩6分	東京メトロ有楽町線/飯田橋駅 歩4分	6.0	41.0	6階	224000.0	8000	22.4万円/22.4万円/-/-	2	54.54	東京メトロ東西線/飯田橋駅	4	都営新宿線/九段下駅	6.0	東京メトロ有楽町線/飯田橋駅	4.0	224000.0	224000.0	0.0	-	232000.0	448000.0	6		1	0	1	0
105	ザ・パークハウスグラン千鳥ヶ淵	東京都千代田区三番町	東京メトロ半蔵門線/半蔵門駅 歩7分	東京メトロ東西線/九段下駅 歩12分	東京メトロ有楽町線/麹町駅 歩12分	6.0	41.0	2階	480000.0	0	96万円/48万円/-/-	2	72.26	東京メトロ半蔵門線/半蔵門駅	7	東京メトロ東西線/九段下駅	12.0	東京メトロ有楽町線/麹町駅	12.0	960000.0	480000.0	0.0	-	480000.0	1440000.0	2		1	0	1	0
106	ザ・パークハウスグラン千鳥ヶ淵	東京都千代田区三番町	東京メトロ半蔵門線/半蔵門駅 歩7分	東京メトロ東西線/九段下駅 歩12分	東京メトロ有楽町線/麹町駅 歩12分	6.0	41.0	3階	610000.0	0	61万円/61万円/-/-	3	100.13	東京メトロ半蔵門線/半蔵門駅	7	東京メトロ東西線/九段下駅	12.0	東京メトロ有楽町線/麹町駅	12.0	610000.0	610000.0	0.0	-	610000.0	1220000.0	3		1	0	1	0
107	ザ・パークハウスグラン千鳥ヶ淵	東京都千代田区三番町	東京メトロ半蔵門線/半蔵門駅 歩7分	東京メトロ東西線/九段下駅 歩12分	東京メトロ有楽町線/麹町駅 歩12分	6.0	41.0	2階	700000.0	0	70万円/70万円/-/-	3	113.01	東京メトロ半蔵門線/半蔵門駅	7	東京メトロ東西線/九段下駅	12.0	東京メトロ有楽町線/麹町駅	12.0	700000.0	700000.0	0.0	-	700000.0	1400000.0	2		1	0	1	0
108	ザ・パークハウスグラン千鳥ヶ淵	東京都千代田区三番町	東京メトロ半蔵門線/半蔵門駅 歩7分	東京メトロ東西線/九段下駅 歩12分	東京メトロ有楽町線/麹町駅 歩12分	6.0	41.0	3階	700000.0	0	140万円/-/-/-	3	100.13	東京メトロ半蔵門線/半蔵門駅	7	東京メトロ東西線/九段下駅	12.0	東京メトロ有楽町線/麹町駅	12.0	1400000.0	0.0	0.0	-	700000.0	1400000.0	3		1	0	1	0
109	ザ・パークハウスグラン千鳥ヶ淵	東京都千代田区三番町	東京メトロ半蔵門線/半蔵門駅 歩7分	東京メトロ東西線/九段下駅 歩12分	東京メトロ有楽町線/麹町駅 歩12分	6.0	41.0	2階	730000.0	0	73万円/73万円/-/-	3	120.65	東京メトロ半蔵門線/半蔵門駅	7	東京メトロ東西線/九段下駅	12.0	東京メトロ有楽町線/麹町駅	12.0	730000.0	730000.0	0.0	-	730000.0	1460000.0	2		1	0	1	0
110	ザ・パークハウスグラン千鳥ヶ淵	東京都千代田区三番町	東京メトロ半蔵門線/半蔵門駅 歩7分	東京メトロ東西線/九段下駅 歩12分	東京メトロ有楽町線/麹町駅 歩12分	6.0	41.0	5階	950000.0	0	190万円/95万円/-/-	2	113.01	東京メトロ半蔵門線/半蔵門駅	7	東京メトロ東西線/九段下駅	12.0	東京メトロ有楽町線/麹町駅	12.0	1900000.0	950000.0	0.0	-	950000.0	2850000.0	5		1	0	1	0
111	レジディア御茶ノ水II	東京都千代田区外神田２	東京メトロ銀座線/末広町駅 歩5分	東京メトロ丸ノ内線/御茶ノ水駅 歩6分	東京メトロ千代田線/湯島駅 歩7分	6.0	41.0	10階	117000.0	10000	11.7万円/11.7万円/-/-	1	25.14	東京メトロ銀座線/末広町駅	5	東京メトロ丸ノ内線/御茶ノ水駅	6.0	東京メトロ千代田線/湯島駅	7.0	117000.0	117000.0	0.0	-	127000.0	234000.0	10		0	1	0	0
112	レジディア御茶ノ水II	東京都千代田区外神田２	東京メトロ銀座線/末広町駅 歩5分	東京メトロ丸ノ内線/御茶ノ水駅 歩6分	東京メトロ千代田線/湯島駅 歩7分	6.0	41.0	10階	133000.0	10000	13.3万円/13.3万円/-/-	1	30.27	東京メトロ銀座線/末広町駅	5	東京メトロ丸ノ内線/御茶ノ水駅	6.0	東京メトロ千代田線/湯島駅	7.0	133000.0	133000.0	0.0	-	143000.0	266000.0	10		1	0	0	0
113	レジディア御茶ノ水II	東京都千代田区外神田２	東京メトロ銀座線/末広町駅 歩5分	東京メトロ丸ノ内線/御茶ノ水駅 歩6分	東京メトロ千代田線/湯島駅 歩7分	6.0	41.0	9階	213000.0	10000	42.6万円/21.3万円/-/-	2	50.6	東京メトロ銀座線/末広町駅	5	東京メトロ丸ノ内線/御茶ノ水駅	6.0	東京メトロ千代田線/湯島駅	7.0	426000.0	213000.0	0.0	-	223000.0	639000.0	9		1	0	1	0
114	番町パークハウス	東京都千代田区四番町	ＪＲ中央線/市ヶ谷駅 歩3分	東京メトロ半蔵門線/半蔵門駅 歩8分	ＪＲ中央線/四ツ谷駅 歩11分	6.0	41.0	5階	420000.0	0	84万円/42万円/-/-	1	89.52	ＪＲ中央線/市ヶ谷駅	3	東京メトロ半蔵門線/半蔵門駅	8.0	ＪＲ中央線/四ツ谷駅	11.0	840000.0	420000.0	0.0	-	420000.0	1260000.0	5		1	0	1	0
115	番町パークハウス	東京都千代田区四番町	ＪＲ中央線/市ヶ谷駅 歩3分	東京メトロ半蔵門線/半蔵門駅 歩8分	ＪＲ中央線/四ツ谷駅 歩11分	6.0	41.0	11階	450000.0	0	45万円/45万円/-/-	2	85.61	ＪＲ中央線/市ヶ谷駅	3	東京メトロ半蔵門線/半蔵門駅	8.0	ＪＲ中央線/四ツ谷駅	11.0	450000.0	450000.0	0.0	-	450000.0	900000.0	11		1	0	1	0
116	番町パークハウス	東京都千代田区四番町	ＪＲ中央線/市ヶ谷駅 歩3分	東京メトロ半蔵門線/半蔵門駅 歩8分	ＪＲ中央線/四ツ谷駅 歩11分	6.0	41.0	11階	450000.0	0	45万円/45万円/-/-	2	85.61	ＪＲ中央線/市ヶ谷駅	3	東京メトロ半蔵門線/半蔵門駅	8.0	ＪＲ中央線/四ツ谷駅	11.0	450000.0	450000.0	0.0	-	450000.0	900000.0	11		1	0	1	0
117	番町パークハウス	東京都千代田区四番町	ＪＲ中央線/市ヶ谷駅 歩3分	東京メトロ半蔵門線/半蔵門駅 歩8分	ＪＲ中央線/四ツ谷駅 歩11分	6.0	41.0	11階	480000.0	0	48万円/48万円/-/-	2	85.61	ＪＲ中央線/市ヶ谷駅	3	東京メトロ半蔵門線/半蔵門駅	8.0	ＪＲ中央線/四ツ谷駅	11.0	480000.0	480000.0	0.0	-	480000.0	960000.0	11		1	0	1	0
118	番町パークハウス	東京都千代田区四番町	ＪＲ中央線/市ヶ谷駅 歩3分	東京メトロ半蔵門線/半蔵門駅 歩8分	ＪＲ中央線/四ツ谷駅 歩11分	6.0	41.0	11階	480000.0	0	48万円/48万円/-/-	2	85.61	ＪＲ中央線/市ヶ谷駅	3	東京メトロ半蔵門線/半蔵門駅	8.0	ＪＲ中央線/四ツ谷駅	11.0	480000.0	480000.0	0.0	-	480000.0	960000.0	11		1	0	1	0
119	番町パークハウス	東京都千代田区四番町	ＪＲ中央線/市ヶ谷駅 歩3分	東京メトロ半蔵門線/半蔵門駅 歩8分	ＪＲ中央線/四ツ谷駅 歩11分	6.0	41.0	11階	480000.0	0	48万円/48万円/-/-	2	85.61	ＪＲ中央線/市ヶ谷駅	3	東京メトロ半蔵門線/半蔵門駅	8.0	ＪＲ中央線/四ツ谷駅	11.0	480000.0	480000.0	0.0	-	480000.0	960000.0	11		1	0	1	0
120	ハーモニーレジデンス千代田岩本町	東京都千代田区岩本町１	東京メトロ日比谷線/小伝馬町駅 歩3分	ＪＲ山手線/神田駅 歩8分	都営新宿線/岩本町駅 歩8分	6.0	41.0	12階	205000.0	15000	10.25万円/20.5万円/-/-	2	54.66	東京メトロ日比谷線/小伝馬町駅	3	ＪＲ山手線/神田駅	8.0	都営新宿線/岩本町駅	8.0	102500.0	205000.0	0.0	-	220000.0	307500.0	12		1	0	1	0
121	ハーモニーレジデンス千代田岩本町	東京都千代田区岩本町１	東京メトロ日比谷線/小伝馬町駅 歩3分	ＪＲ山手線/神田駅 歩8分	都営新宿線/岩本町駅 歩8分	6.0	41.0	12階	205000.0	15000	10.25万円/20.5万円/-/-	2	54.66	東京メトロ日比谷線/小伝馬町駅	3	ＪＲ山手線/神田駅	8.0	都営新宿線/岩本町駅	8.0	102500.0	205000.0	0.0	-	220000.0	307500.0	12		1	0	1	0
122	ミュラーハウス	東京都千代田区一番町	東京メトロ半蔵門線/半蔵門駅 歩3分	都営新宿線/市ヶ谷駅 歩10分	東京メトロ有楽町線/麹町駅 歩7分	6.0	41.0	7階	260000.0	25000	52万円/-/-/-	2	72.3	東京メトロ半蔵門線/半蔵門駅	3	都営新宿線/市ヶ谷駅	10.0	東京メトロ有楽町線/麹町駅	7.0	520000.0	0.0	0.0	-	285000.0	520000.0	7		1	0	1	0
123	東京メトロ半蔵門線 半蔵門駅 7階建 築19年	東京都千代田区一番町	東京メトロ半蔵門線/半蔵門駅 歩3分	東京メトロ有楽町線/麹町駅 歩8分	東京メトロ有楽町線/市ヶ谷駅 歩11分	6.0	41.0	7階	260000.0	25000	52万円/-/-/-	2	72.3	東京メトロ半蔵門線/半蔵門駅	3	東京メトロ有楽町線/麹町駅	8.0	東京メトロ有楽町線/市ヶ谷駅	11.0	520000.0	0.0	0.0	-	285000.0	520000.0	7		1	0	1	0
124	東京メトロ南北線 市ヶ谷駅 9階建 築17年	東京都千代田区三番町	東京メトロ南北線/市ヶ谷駅 歩6分	東京メトロ半蔵門線/半蔵門駅 歩8分	東京メトロ有楽町線/麹町駅 歩11分	6.0	41.0	5階	155000.0	3000	-/15.5万円/-/-	1	34.17	東京メトロ南北線/市ヶ谷駅	6	東京メトロ半蔵門線/半蔵門駅	8.0	東京メトロ有楽町線/麹町駅	11.0	0.0	155000.0	0.0	-	158000.0	155000.0	5		1	0	0	0
125	ロイジェント九段	東京都千代田区九段北１	ＪＲ中央線/飯田橋駅 歩7分	東京メトロ東西線/九段下駅 歩4分	ＪＲ中央線/水道橋駅 歩11分	6.0	41.0	7階	279000.0	0	27.9万円/27.9万円/-/-	2	61.33	ＪＲ中央線/飯田橋駅	7	東京メトロ東西線/九段下駅	4.0	ＪＲ中央線/水道橋駅	11.0	279000.0	279000.0	0.0	-	279000.0	558000.0	7		1	0	1	0
126	ロイジェント九段	東京都千代田区九段北１	ＪＲ中央線/飯田橋駅 歩7分	東京メトロ東西線/九段下駅 歩4分	ＪＲ中央線/水道橋駅 歩11分	6.0	41.0	9階	279000.0	0	27.9万円/27.9万円/-/-	2	61.33	ＪＲ中央線/飯田橋駅	7	東京メトロ東西線/九段下駅	4.0	ＪＲ中央線/水道橋駅	11.0	279000.0	279000.0	0.0	-	279000.0	558000.0	9		1	0	1	0
127	ロイジェント九段	東京都千代田区九段北１	ＪＲ中央線/飯田橋駅 歩7分	東京メトロ東西線/九段下駅 歩4分	ＪＲ中央線/水道橋駅 歩11分	6.0	41.0	7階	279000.0	0	27.9万円/27.9万円/-/-	2	61.33	ＪＲ中央線/飯田橋駅	7	東京メトロ東西線/九段下駅	4.0	ＪＲ中央線/水道橋駅	11.0	279000.0	279000.0	0.0	-	279000.0	558000.0	7		1	0	1	0
128	ロイジェント九段	東京都千代田区九段北１	ＪＲ中央線/飯田橋駅 歩7分	東京メトロ東西線/九段下駅 歩4分	ＪＲ中央線/水道橋駅 歩11分	6.0	41.0	8階	280000.0	0	28万円/28万円/-/-	2	61.33	ＪＲ中央線/飯田橋駅	7	東京メトロ東西線/九段下駅	4.0	ＪＲ中央線/水道橋駅	11.0	280000.0	280000.0	0.0	-	280000.0	560000.0	8		1	0	1	0
129	ロイジェント九段	東京都千代田区九段北１	ＪＲ中央線/飯田橋駅 歩7分	東京メトロ東西線/九段下駅 歩4分	ＪＲ中央線/水道橋駅 歩11分	6.0	41.0	9階	280000.0	0	28万円/28万円/-/-	2	61.04	ＪＲ中央線/飯田橋駅	7	東京メトロ東西線/九段下駅	4.0	ＪＲ中央線/水道橋駅	11.0	280000.0	280000.0	0.0	-	280000.0	560000.0	9		1	0	1	0
130	ロイジェント九段	東京都千代田区九段北１	ＪＲ中央線/飯田橋駅 歩7分	東京メトロ東西線/九段下駅 歩4分	ＪＲ中央線/水道橋駅 歩11分	6.0	41.0	9階	281000.0	0	28.1万円/28.1万円/-/-	2	61.33	ＪＲ中央線/飯田橋駅	7	東京メトロ東西線/九段下駅	4.0	ＪＲ中央線/水道橋駅	11.0	281000.0	281000.0	0.0	-	281000.0	562000.0	9		1	0	1	0
131	ロイジェント九段	東京都千代田区九段北１	ＪＲ中央線/飯田橋駅 歩7分	東京メトロ東西線/九段下駅 歩4分	ＪＲ中央線/水道橋駅 歩11分	6.0	41.0	10階	282000.0	0	28.2万円/28.2万円/-/-	2	61.33	ＪＲ中央線/飯田橋駅	7	東京メトロ東西線/九段下駅	4.0	ＪＲ中央線/水道橋駅	11.0	282000.0	282000.0	0.0	-	282000.0	564000.0	10		1	0	1	0
132	ロイジェント九段	東京都千代田区九段北１	ＪＲ中央線/飯田橋駅 歩7分	東京メトロ東西線/九段下駅 歩4分	ＪＲ中央線/水道橋駅 歩11分	6.0	41.0	10階	282000.0	0	28.2万円/28.2万円/-/-	2	61.04	ＪＲ中央線/飯田橋駅	7	東京メトロ東西線/九段下駅	4.0	ＪＲ中央線/水道橋駅	11.0	282000.0	282000.0	0.0	-	282000.0	564000.0	10		1	0	1	0
133	ロイジェント九段	東京都千代田区九段北１	ＪＲ中央線/飯田橋駅 歩7分	東京メトロ東西線/九段下駅 歩4分	ＪＲ中央線/水道橋駅 歩11分	6.0	41.0	11階	283000.0	0	28.3万円/28.3万円/-/-	2	61.33	ＪＲ中央線/飯田橋駅	7	東京メトロ東西線/九段下駅	4.0	ＪＲ中央線/水道橋駅	11.0	283000.0	283000.0	0.0	-	283000.0	566000.0	11		1	0	1	0
134	テルセーロ三鈴	東京都千代田区岩本町１	ＪＲ総武線快速/馬喰町駅 歩5分	東京メトロ日比谷線/小伝馬町駅 歩5分	都営新宿線/馬喰横山駅 歩5分	6.0	41.0	4階	214800.0	12000	21.48万円/21.48万円/-/-	2	64.99	ＪＲ総武線快速/馬喰町駅	5	東京メトロ日比谷線/小伝馬町駅	5.0	都営新宿線/馬喰横山駅	5.0	214800.0	214800.0	0.0	-	226800.0	429600.0	4		1	0	1	0
135	テルセーロ三鈴	東京都千代田区岩本町１	ＪＲ総武線快速/馬喰町駅 歩5分	東京メトロ日比谷線/小伝馬町駅 歩5分	都営新宿線/馬喰横山駅 歩5分	6.0	41.0	4階	218400.0	12000	21.84万円/21.84万円/-/-	2	64.99	ＪＲ総武線快速/馬喰町駅	5	東京メトロ日比谷線/小伝馬町駅	5.0	都営新宿線/馬喰横山駅	5.0	218400.0	218400.0	0.0	-	230400.0	436800.0	4		1	0	1	0
136	パークキューブ神田	東京都千代田区神田須田町２	都営新宿線/岩本町駅 歩3分	東京メトロ銀座線/神田駅 歩4分	ＪＲ山手線/秋葉原駅 歩5分	6.0	41.0	3階	107000.0	8000	10.7万円/10.7万円/-/-	1	23.2	都営新宿線/岩本町駅	3	東京メトロ銀座線/神田駅	4.0	ＪＲ山手線/秋葉原駅	5.0	107000.0	107000.0	0.0	-	115000.0	214000.0	3		0	1	0	0
137	パークキューブ神田	東京都千代田区神田須田町２	都営新宿線/岩本町駅 歩3分	東京メトロ銀座線/神田駅 歩4分	ＪＲ山手線/秋葉原駅 歩5分	6.0	41.0	4階	129000.0	10000	12.9万円/12.9万円/-/-	1	30.7	都営新宿線/岩本町駅	3	東京メトロ銀座線/神田駅	4.0	ＪＲ山手線/秋葉原駅	5.0	129000.0	129000.0	0.0	-	139000.0	258000.0	4		0	1	0	0
138	パークキューブ神田	東京都千代田区神田須田町２	都営新宿線/岩本町駅 歩3分	東京メトロ銀座線/神田駅 歩4分	ＪＲ山手線/秋葉原駅 歩5分	6.0	41.0	4階	129000.0	10000	12.9万円/12.9万円/-/-	1	30.7	都営新宿線/岩本町駅	3	東京メトロ銀座線/神田駅	4.0	ＪＲ山手線/秋葉原駅	5.0	129000.0	129000.0	0.0	-	139000.0	258000.0	4		1	0	0	0
139	パークキューブ神田	東京都千代田区神田須田町２	都営新宿線/岩本町駅 歩3分	東京メトロ銀座線/神田駅 歩4分	ＪＲ山手線/秋葉原駅 歩5分	6.0	41.0	6階	130000.0	10000	13万円/13万円/-/-	1	32.07	都営新宿線/岩本町駅	3	東京メトロ銀座線/神田駅	4.0	ＪＲ山手線/秋葉原駅	5.0	130000.0	130000.0	0.0	-	140000.0	260000.0	6		1	0	0	0
140	パークキューブ神田	東京都千代田区神田須田町２	都営新宿線/岩本町駅 歩3分	東京メトロ銀座線/神田駅 歩4分	ＪＲ山手線/秋葉原駅 歩5分	6.0	41.0	6階	130000.0	10000	13万円/13万円/-/-	1	32.07	都営新宿線/岩本町駅	3	東京メトロ銀座線/神田駅	4.0	ＪＲ山手線/秋葉原駅	5.0	130000.0	130000.0	0.0	-	140000.0	260000.0	6		1	0	0	0
141	パークキューブ神田	東京都千代田区神田須田町２	都営新宿線/岩本町駅 歩3分	東京メトロ銀座線/神田駅 歩4分	ＪＲ山手線/秋葉原駅 歩5分	6.0	41.0	3階	135000.0	10000	13.5万円/13.5万円/-/-	1	32.07	都営新宿線/岩本町駅	3	東京メトロ銀座線/神田駅	4.0	ＪＲ山手線/秋葉原駅	5.0	135000.0	135000.0	0.0	-	145000.0	270000.0	3		1	0	0	0
142	パークキューブ神田	東京都千代田区神田須田町２	都営新宿線/岩本町駅 歩3分	東京メトロ銀座線/神田駅 歩4分	ＪＲ山手線/秋葉原駅 歩5分	6.0	41.0	3階	135000.0	10000	13.5万円/13.5万円/-/-	1	32.07	都営新宿線/岩本町駅	3	東京メトロ銀座線/神田駅	4.0	ＪＲ山手線/秋葉原駅	5.0	135000.0	135000.0	0.0	-	145000.0	270000.0	3		1	0	0	0
143	パークキューブ神田	東京都千代田区神田須田町２	都営新宿線/岩本町駅 歩3分	東京メトロ銀座線/神田駅 歩4分	ＪＲ山手線/秋葉原駅 歩5分	6.0	41.0	12階	218000.0	12000	21.8万円/21.8万円/-/-	2	62.78	都営新宿線/岩本町駅	3	東京メトロ銀座線/神田駅	4.0	ＪＲ山手線/秋葉原駅	5.0	218000.0	218000.0	0.0	-	230000.0	436000.0	12		1	0	1	0
144	チェスターコート御茶ノ水	東京都千代田区神田小川町３	都営新宿線/小川町駅 歩3分	東京メトロ千代田線/新御茶ノ水駅 歩5分	東京メトロ半蔵門線/神保町駅 歩6分	6.0	41.0	3階	122000.0	10000	12.2万円/12.2万円/-/-	1	27.14	都営新宿線/小川町駅	3	東京メトロ千代田線/新御茶ノ水駅	5.0	東京メトロ半蔵門線/神保町駅	6.0	122000.0	122000.0	0.0	-	132000.0	244000.0	3		0	1	0	0
145	チェスターコート御茶ノ水	東京都千代田区神田小川町３	都営新宿線/小川町駅 歩3分	東京メトロ千代田線/新御茶ノ水駅 歩5分	東京メトロ半蔵門線/神保町駅 歩6分	6.0	41.0	8階	128000.0	10000	25.6万円/12.8万円/-/-	1	27.09	都営新宿線/小川町駅	3	東京メトロ千代田線/新御茶ノ水駅	5.0	東京メトロ半蔵門線/神保町駅	6.0	256000.0	128000.0	0.0	-	138000.0	384000.0	8		0	1	0	0
146	チェスターコート御茶ノ水	東京都千代田区神田小川町３	都営新宿線/小川町駅 歩3分	東京メトロ千代田線/新御茶ノ水駅 歩5分	東京メトロ半蔵門線/神保町駅 歩6分	6.0	41.0	10階	129000.0	10000	25.8万円/12.9万円/-/-	1	27.09	都営新宿線/小川町駅	3	東京メトロ千代田線/新御茶ノ水駅	5.0	東京メトロ半蔵門線/神保町駅	6.0	258000.0	129000.0	0.0	-	139000.0	387000.0	10		0	1	0	0
147	チェスターコート御茶ノ水	東京都千代田区神田小川町３	都営新宿線/小川町駅 歩3分	東京メトロ千代田線/新御茶ノ水駅 歩5分	東京メトロ半蔵門線/神保町駅 歩6分	6.0	41.0	13階	132000.0	10000	13.2万円/13.2万円/-/-	1	28.75	都営新宿線/小川町駅	3	東京メトロ千代田線/新御茶ノ水駅	5.0	東京メトロ半蔵門線/神保町駅	6.0	132000.0	132000.0	0.0	-	142000.0	264000.0	13		0	1	0	0
148	チェスターコート御茶ノ水	東京都千代田区神田小川町３	都営新宿線/小川町駅 歩3分	東京メトロ千代田線/新御茶ノ水駅 歩5分	東京メトロ半蔵門線/神保町駅 歩6分	6.0	41.0	12階	194000.0	10000	19.4万円/19.4万円/-/-	1	44.86	都営新宿線/小川町駅	3	東京メトロ千代田線/新御茶ノ水駅	5.0	東京メトロ半蔵門線/神保町駅	6.0	194000.0	194000.0	0.0	-	204000.0	388000.0	12		1	0	1	0
149	チェスターコート御茶ノ水	東京都千代田区神田小川町３	都営新宿線/小川町駅 歩3分	東京メトロ千代田線/新御茶ノ水駅 歩5分	東京メトロ半蔵門線/神保町駅 歩6分	6.0	41.0	3階	255000.0	10000	51万円/25.5万円/-/-	1	60.62	都営新宿線/小川町駅	3	東京メトロ千代田線/新御茶ノ水駅	5.0	東京メトロ半蔵門線/神保町駅	6.0	510000.0	255000.0	0.0	-	265000.0	765000.0	3		1	0	1	1
150	チェスターコート御茶ノ水	東京都千代田区神田小川町３	都営新宿線/小川町駅 歩3分	東京メトロ千代田線/新御茶ノ水駅 歩5分	東京メトロ半蔵門線/神保町駅 歩6分	6.0	41.0	3階	260000.0	10000	26万円/26万円/-/-	1	60.62	都営新宿線/小川町駅	3	東京メトロ千代田線/新御茶ノ水駅	5.0	東京メトロ半蔵門線/神保町駅	6.0	260000.0	260000.0	0.0	-	270000.0	520000.0	3		1	0	1	1
151	レジディア水道橋	東京都千代田区神田三崎町３	ＪＲ中央線/水道橋駅 歩4分	都営三田線/水道橋駅 歩4分	東京メトロ東西線/九段下駅 歩8分	6.0	41.0	10階	142000.0	10000	28.4万円/14.2万円/-/-	1	34.39	ＪＲ中央線/水道橋駅	4	都営三田線/水道橋駅	4.0	東京メトロ東西線/九段下駅	8.0	284000.0	142000.0	0.0	-	152000.0	426000.0	10		0	1	0	0
152	レジディア水道橋	東京都千代田区神田三崎町３	ＪＲ中央線/水道橋駅 歩4分	都営三田線/水道橋駅 歩4分	東京メトロ東西線/九段下駅 歩8分	6.0	41.0	6階	164000.0	10000	16.4万円/16.4万円/-/-	1	42.2	ＪＲ中央線/水道橋駅	4	都営三田線/水道橋駅	4.0	東京メトロ東西線/九段下駅	8.0	164000.0	164000.0	0.0	-	174000.0	328000.0	6		1	0	1	0
153	レジディア水道橋	東京都千代田区神田三崎町３	ＪＲ中央線/水道橋駅 歩4分	都営三田線/水道橋駅 歩4分	東京メトロ東西線/九段下駅 歩8分	6.0	41.0	14階	166000.0	12000	16.6万円/16.6万円/-/-	1	42.2	ＪＲ中央線/水道橋駅	4	都営三田線/水道橋駅	4.0	東京メトロ東西線/九段下駅	8.0	166000.0	166000.0	0.0	-	178000.0	332000.0	14		1	0	1	0
154	レジディア水道橋	東京都千代田区神田三崎町３	ＪＲ中央線/水道橋駅 歩4分	都営三田線/水道橋駅 歩4分	東京メトロ東西線/九段下駅 歩8分	6.0	41.0	8階	238000.0	12000	47.6万円/23.8万円/-/-	2	57.03	ＪＲ中央線/水道橋駅	4	都営三田線/水道橋駅	4.0	東京メトロ東西線/九段下駅	8.0	476000.0	238000.0	0.0	-	250000.0	714000.0	8		1	0	1	0
155	ＪＲ中央線 水道橋駅 14階建 築14年	東京都千代田区神田三崎町３	ＪＲ中央線/水道橋駅 歩4分	東京メトロ東西線/九段下駅 歩7分	東京メトロ半蔵門線/神保町駅 歩8分	6.0	41.0	10階	142000.0	10000	28.4万円/14.2万円/-/-	1	34.39	ＪＲ中央線/水道橋駅	4	東京メトロ東西線/九段下駅	7.0	東京メトロ半蔵門線/神保町駅	8.0	284000.0	142000.0	0.0	-	152000.0	426000.0	10		0	1	0	0
156	ＪＲ中央線 水道橋駅 14階建 築14年	東京都千代田区神田三崎町３	ＪＲ中央線/水道橋駅 歩4分	東京メトロ東西線/九段下駅 歩7分	東京メトロ半蔵門線/神保町駅 歩8分	6.0	41.0	6階	164000.0	10000	16.4万円/16.4万円/-/-	1	42.2	ＪＲ中央線/水道橋駅	4	東京メトロ東西線/九段下駅	7.0	東京メトロ半蔵門線/神保町駅	8.0	164000.0	164000.0	0.0	-	174000.0	328000.0	6		1	0	1	0
157	ＪＲ中央線 水道橋駅 14階建 築14年	東京都千代田区神田三崎町３	ＪＲ中央線/水道橋駅 歩4分	東京メトロ東西線/九段下駅 歩7分	東京メトロ半蔵門線/神保町駅 歩8分	6.0	41.0	14階	166000.0	12000	16.6万円/16.6万円/-/-	1	42.2	ＪＲ中央線/水道橋駅	4	東京メトロ東西線/九段下駅	7.0	東京メトロ半蔵門線/神保町駅	8.0	166000.0	166000.0	0.0	-	178000.0	332000.0	14		1	0	1	0
158	ＪＲ中央線 水道橋駅 14階建 築14年	東京都千代田区神田三崎町３	ＪＲ中央線/水道橋駅 歩4分	東京メトロ東西線/九段下駅 歩7分	東京メトロ半蔵門線/神保町駅 歩8分	6.0	41.0	14階	166000.0	12000	16.6万円/16.6万円/-/-	1	42.2	ＪＲ中央線/水道橋駅	4	東京メトロ東西線/九段下駅	7.0	東京メトロ半蔵門線/神保町駅	8.0	166000.0	166000.0	0.0	-	178000.0	332000.0	14		1	0	1	0
159	ＪＲ中央線 水道橋駅 14階建 築14年	東京都千代田区神田三崎町３	ＪＲ中央線/水道橋駅 歩4分	東京メトロ東西線/九段下駅 歩7分	東京メトロ半蔵門線/神保町駅 歩8分	6.0	41.0	8階	238000.0	12000	47.6万円/23.8万円/-/-	2	57.03	ＪＲ中央線/水道橋駅	4	東京メトロ東西線/九段下駅	7.0	東京メトロ半蔵門線/神保町駅	8.0	476000.0	238000.0	0.0	-	250000.0	714000.0	8		1	0	1	1
160	ＪＲ山手線 秋葉原駅 12階建 築5年	東京都千代田区神田和泉町	ＪＲ山手線/秋葉原駅 歩5分	東京メトロ日比谷線/秋葉原駅 歩5分	都営新宿線/岩本町駅 歩9分	6.0	41.0	12階	178000.0	0	17.8万円/17.8万円/-/-	1	43.76	ＪＲ山手線/秋葉原駅	5	東京メトロ日比谷線/秋葉原駅	5.0	都営新宿線/岩本町駅	9.0	178000.0	178000.0	0.0	-	178000.0	356000.0	12		1	0	1	1
161	ＪＲ山手線 秋葉原駅 12階建 築5年	東京都千代田区神田和泉町	ＪＲ山手線/秋葉原駅 歩5分	東京メトロ日比谷線/秋葉原駅 歩5分	都営新宿線/岩本町駅 歩9分	6.0	41.0	10階	190000.0	0	19万円/19万円/-/-	2	55.01	ＪＲ山手線/秋葉原駅	5	東京メトロ日比谷線/秋葉原駅	5.0	都営新宿線/岩本町駅	9.0	190000.0	190000.0	0.0	-	190000.0	380000.0	10		1	0	1	0
162	レジディア神田岩本町	東京都千代田区岩本町２	都営新宿線/岩本町駅 歩3分	東京メトロ日比谷線/小伝馬町駅 歩5分	ＪＲ山手線/秋葉原駅 歩4分	6.0	41.0	6階	90000.0	8000	18万円/9万円/-/-	1	22.78	都営新宿線/岩本町駅	3	東京メトロ日比谷線/小伝馬町駅	5.0	ＪＲ山手線/秋葉原駅	4.0	180000.0	90000.0	0.0	-	98000.0	270000.0	6		0	0	0	0
163	レジディア神田岩本町	東京都千代田区岩本町２	都営新宿線/岩本町駅 歩3分	東京メトロ日比谷線/小伝馬町駅 歩5分	ＪＲ山手線/秋葉原駅 歩4分	6.0	41.0	8階	140000.0	10000	28万円/14万円/-/-	1	30.97	都営新宿線/岩本町駅	3	東京メトロ日比谷線/小伝馬町駅	5.0	ＪＲ山手線/秋葉原駅	4.0	280000.0	140000.0	0.0	-	150000.0	420000.0	8		1	0	0	0
164	レジディア神田岩本町	東京都千代田区岩本町２	都営新宿線/岩本町駅 歩3分	東京メトロ日比谷線/小伝馬町駅 歩5分	ＪＲ山手線/秋葉原駅 歩4分	6.0	41.0	9階	167000.0	10000	33.4万円/16.7万円/-/-	1	43.61	都営新宿線/岩本町駅	3	東京メトロ日比谷線/小伝馬町駅	5.0	ＪＲ山手線/秋葉原駅	4.0	334000.0	167000.0	0.0	-	177000.0	501000.0	9		1	0	1	0
165	新築 ロイジェント東神田	東京都千代田区東神田１	ＪＲ山手線/秋葉原駅 歩9分	都営新宿線/岩本町駅 歩8分	東京メトロ日比谷線/小伝馬町駅 歩7分	6.0	41.0	2階	133000.0	0	13.3万円/13.3万円/-/-	1	26.6	ＪＲ山手線/秋葉原駅	9	都営新宿線/岩本町駅	8.0	東京メトロ日比谷線/小伝馬町駅	7.0	133000.0	133000.0	0.0	-	133000.0	266000.0	2		0	1	0	0
166	新築 ロイジェント東神田	東京都千代田区東神田１	ＪＲ山手線/秋葉原駅 歩9分	都営新宿線/岩本町駅 歩8分	東京メトロ日比谷線/小伝馬町駅 歩7分	6.0	41.0	2階	133000.0	0	13.3万円/13.3万円/-/-	1	26.6	ＪＲ山手線/秋葉原駅	9	都営新宿線/岩本町駅	8.0	東京メトロ日比谷線/小伝馬町駅	7.0	133000.0	133000.0	0.0	-	133000.0	266000.0	2		0	1	0	0
167	新築 ロイジェント東神田	東京都千代田区東神田１	ＪＲ山手線/秋葉原駅 歩9分	都営新宿線/岩本町駅 歩8分	東京メトロ日比谷線/小伝馬町駅 歩7分	6.0	41.0	2階	133000.0	0	13.3万円/13.3万円/-/-	1	26.6	ＪＲ山手線/秋葉原駅	9	都営新宿線/岩本町駅	8.0	東京メトロ日比谷線/小伝馬町駅	7.0	133000.0	133000.0	0.0	-	133000.0	266000.0	2		0	1	0	0
168	新築 ロイジェント東神田	東京都千代田区東神田１	ＪＲ山手線/秋葉原駅 歩9分	都営新宿線/岩本町駅 歩8分	東京メトロ日比谷線/小伝馬町駅 歩7分	6.0	41.0	2階	133000.0	0	13.3万円/13.3万円/-/-	1	26.6	ＪＲ山手線/秋葉原駅	9	都営新宿線/岩本町駅	8.0	東京メトロ日比谷線/小伝馬町駅	7.0	133000.0	133000.0	0.0	-	133000.0	266000.0	2		0	1	0	0
169	新築 ロイジェント東神田	東京都千代田区東神田１	ＪＲ山手線/秋葉原駅 歩9分	都営新宿線/岩本町駅 歩8分	東京メトロ日比谷線/小伝馬町駅 歩7分	6.0	41.0	2階	133000.0	0	13.3万円/13.3万円/-/-	1	26.4	ＪＲ山手線/秋葉原駅	9	都営新宿線/岩本町駅	8.0	東京メトロ日比谷線/小伝馬町駅	7.0	133000.0	133000.0	0.0	-	133000.0	266000.0	2		0	1	0	0
170	新築 ロイジェント東神田	東京都千代田区東神田１	ＪＲ山手線/秋葉原駅 歩9分	都営新宿線/岩本町駅 歩8分	東京メトロ日比谷線/小伝馬町駅 歩7分	6.0	41.0	2階	133000.0	0	13.3万円/13.3万円/-/-	1	26.4	ＪＲ山手線/秋葉原駅	9	都営新宿線/岩本町駅	8.0	東京メトロ日比谷線/小伝馬町駅	7.0	133000.0	133000.0	0.0	-	133000.0	266000.0	2		0	1	0	0
171	新築 ロイジェント東神田	東京都千代田区東神田１	ＪＲ山手線/秋葉原駅 歩9分	都営新宿線/岩本町駅 歩8分	東京メトロ日比谷線/小伝馬町駅 歩7分	6.0	41.0	2階	138000.0	0	13.8万円/13.8万円/-/-	1	31.1	ＪＲ山手線/秋葉原駅	9	都営新宿線/岩本町駅	8.0	東京メトロ日比谷線/小伝馬町駅	7.0	138000.0	138000.0	0.0	-	138000.0	276000.0	2		0	0	0	0
172	新築 ロイジェント東神田	東京都千代田区東神田１	ＪＲ山手線/秋葉原駅 歩9分	都営新宿線/岩本町駅 歩8分	東京メトロ日比谷線/小伝馬町駅 歩7分	6.0	41.0	3階	138000.0	0	13.8万円/13.8万円/-/-	1	27.62	ＪＲ山手線/秋葉原駅	9	都営新宿線/岩本町駅	8.0	東京メトロ日比谷線/小伝馬町駅	7.0	138000.0	138000.0	0.0	-	138000.0	276000.0	3		0	1	0	0
173	新築 ロイジェント東神田	東京都千代田区東神田１	ＪＲ山手線/秋葉原駅 歩9分	都営新宿線/岩本町駅 歩8分	東京メトロ日比谷線/小伝馬町駅 歩7分	6.0	41.0	3階	138000.0	0	13.8万円/13.8万円/-/-	1	27.62	ＪＲ山手線/秋葉原駅	9	都営新宿線/岩本町駅	8.0	東京メトロ日比谷線/小伝馬町駅	7.0	138000.0	138000.0	0.0	-	138000.0	276000.0	3		0	1	0	0
174	新築 ロイジェント東神田	東京都千代田区東神田１	ＪＲ山手線/秋葉原駅 歩9分	都営新宿線/岩本町駅 歩8分	東京メトロ日比谷線/小伝馬町駅 歩7分	6.0	41.0	3階	138000.0	0	13.8万円/13.8万円/-/-	1	27.62	ＪＲ山手線/秋葉原駅	9	都営新宿線/岩本町駅	8.0	東京メトロ日比谷線/小伝馬町駅	7.0	138000.0	138000.0	0.0	-	138000.0	276000.0	3		0	1	0	0
175	新築 ロイジェント東神田	東京都千代田区東神田１	ＪＲ山手線/秋葉原駅 歩9分	都営新宿線/岩本町駅 歩8分	東京メトロ日比谷線/小伝馬町駅 歩7分	6.0	41.0	3階	138000.0	0	13.8万円/13.8万円/-/-	1	27.62	ＪＲ山手線/秋葉原駅	9	都営新宿線/岩本町駅	8.0	東京メトロ日比谷線/小伝馬町駅	7.0	138000.0	138000.0	0.0	-	138000.0	276000.0	3		0	1	0	0
176	新築 ロイジェント東神田	東京都千代田区東神田１	ＪＲ山手線/秋葉原駅 歩9分	都営新宿線/岩本町駅 歩8分	東京メトロ日比谷線/小伝馬町駅 歩7分	6.0	41.0	3階	138000.0	0	13.8万円/13.8万円/-/-	1	27.42	ＪＲ山手線/秋葉原駅	9	都営新宿線/岩本町駅	8.0	東京メトロ日比谷線/小伝馬町駅	7.0	138000.0	138000.0	0.0	-	138000.0	276000.0	3		0	1	0	0
177	新築 ロイジェント東神田	東京都千代田区東神田１	ＪＲ山手線/秋葉原駅 歩9分	都営新宿線/岩本町駅 歩8分	東京メトロ日比谷線/小伝馬町駅 歩7分	6.0	41.0	3階	138000.0	0	13.8万円/13.8万円/-/-	1	27.42	ＪＲ山手線/秋葉原駅	9	都営新宿線/岩本町駅	8.0	東京メトロ日比谷線/小伝馬町駅	7.0	138000.0	138000.0	0.0	-	138000.0	276000.0	3		0	1	0	0
178	新築 ロイジェント東神田	東京都千代田区東神田１	ＪＲ山手線/秋葉原駅 歩9分	都営新宿線/岩本町駅 歩8分	東京メトロ日比谷線/小伝馬町駅 歩7分	6.0	41.0	4階	140000.0	0	14万円/14万円/-/-	1	27.62	ＪＲ山手線/秋葉原駅	9	都営新宿線/岩本町駅	8.0	東京メトロ日比谷線/小伝馬町駅	7.0	140000.0	140000.0	0.0	-	140000.0	280000.0	4		0	1	0	0
179	新築 ロイジェント東神田	東京都千代田区東神田１	ＪＲ山手線/秋葉原駅 歩9分	都営新宿線/岩本町駅 歩8分	東京メトロ日比谷線/小伝馬町駅 歩7分	6.0	41.0	4階	140000.0	0	14万円/14万円/-/-	1	27.62	ＪＲ山手線/秋葉原駅	9	都営新宿線/岩本町駅	8.0	東京メトロ日比谷線/小伝馬町駅	7.0	140000.0	140000.0	0.0	-	140000.0	280000.0	4		0	1	0	0
180	新築 ロイジェント東神田	東京都千代田区東神田１	ＪＲ山手線/秋葉原駅 歩9分	都営新宿線/岩本町駅 歩8分	東京メトロ日比谷線/小伝馬町駅 歩7分	6.0	41.0	4階	140000.0	0	14万円/14万円/-/-	1	27.62	ＪＲ山手線/秋葉原駅	9	都営新宿線/岩本町駅	8.0	東京メトロ日比谷線/小伝馬町駅	7.0	140000.0	140000.0	0.0	-	140000.0	280000.0	4		0	1	0	0
181	新築 ロイジェント東神田	東京都千代田区東神田１	ＪＲ山手線/秋葉原駅 歩9分	都営新宿線/岩本町駅 歩8分	東京メトロ日比谷線/小伝馬町駅 歩7分	6.0	41.0	4階	140000.0	0	14万円/14万円/-/-	1	27.62	ＪＲ山手線/秋葉原駅	9	都営新宿線/岩本町駅	8.0	東京メトロ日比谷線/小伝馬町駅	7.0	140000.0	140000.0	0.0	-	140000.0	280000.0	4		0	1	0	0
182	新築 ロイジェント東神田	東京都千代田区東神田１	ＪＲ山手線/秋葉原駅 歩9分	都営新宿線/岩本町駅 歩8分	東京メトロ日比谷線/小伝馬町駅 歩7分	6.0	41.0	4階	140000.0	0	14万円/14万円/-/-	1	27.42	ＪＲ山手線/秋葉原駅	9	都営新宿線/岩本町駅	8.0	東京メトロ日比谷線/小伝馬町駅	7.0	140000.0	140000.0	0.0	-	140000.0	280000.0	4		0	1	0	0
183	新築 ロイジェント東神田	東京都千代田区東神田１	ＪＲ山手線/秋葉原駅 歩9分	都営新宿線/岩本町駅 歩8分	東京メトロ日比谷線/小伝馬町駅 歩7分	6.0	41.0	4階	140000.0	0	14万円/14万円/-/-	1	27.42	ＪＲ山手線/秋葉原駅	9	都営新宿線/岩本町駅	8.0	東京メトロ日比谷線/小伝馬町駅	7.0	140000.0	140000.0	0.0	-	140000.0	280000.0	4		0	1	0	0
184	新築 ロイジェント東神田	東京都千代田区東神田１	ＪＲ山手線/秋葉原駅 歩9分	都営新宿線/岩本町駅 歩8分	東京メトロ日比谷線/小伝馬町駅 歩7分	6.0	41.0	5階	142000.0	0	14.2万円/14.2万円/-/-	1	27.62	ＪＲ山手線/秋葉原駅	9	都営新宿線/岩本町駅	8.0	東京メトロ日比谷線/小伝馬町駅	7.0	142000.0	142000.0	0.0	-	142000.0	284000.0	5		0	1	0	0
185	新築 ロイジェント東神田	東京都千代田区東神田１	ＪＲ山手線/秋葉原駅 歩9分	都営新宿線/岩本町駅 歩8分	東京メトロ日比谷線/小伝馬町駅 歩7分	6.0	41.0	5階	142000.0	0	14.2万円/14.2万円/-/-	1	27.62	ＪＲ山手線/秋葉原駅	9	都営新宿線/岩本町駅	8.0	東京メトロ日比谷線/小伝馬町駅	7.0	142000.0	142000.0	0.0	-	142000.0	284000.0	5		0	1	0	0
186	新築 ロイジェント東神田	東京都千代田区東神田１	ＪＲ山手線/秋葉原駅 歩9分	都営新宿線/岩本町駅 歩8分	東京メトロ日比谷線/小伝馬町駅 歩7分	6.0	41.0	4階	142000.0	0	14.2万円/14.2万円/-/-	1	27.62	ＪＲ山手線/秋葉原駅	9	都営新宿線/岩本町駅	8.0	東京メトロ日比谷線/小伝馬町駅	7.0	142000.0	142000.0	0.0	-	142000.0	284000.0	4		0	1	0	0
187	新築 ロイジェント東神田	東京都千代田区東神田１	ＪＲ山手線/秋葉原駅 歩9分	都営新宿線/岩本町駅 歩8分	東京メトロ日比谷線/小伝馬町駅 歩7分	6.0	41.0	5階	142000.0	0	14.2万円/14.2万円/-/-	1	27.62	ＪＲ山手線/秋葉原駅	9	都営新宿線/岩本町駅	8.0	東京メトロ日比谷線/小伝馬町駅	7.0	142000.0	142000.0	0.0	-	142000.0	284000.0	5		0	1	0	0
188	新築 ロイジェント東神田	東京都千代田区東神田１	ＪＲ山手線/秋葉原駅 歩9分	都営新宿線/岩本町駅 歩8分	東京メトロ日比谷線/小伝馬町駅 歩7分	6.0	41.0	5階	142000.0	0	14.2万円/14.2万円/-/-	1	27.42	ＪＲ山手線/秋葉原駅	9	都営新宿線/岩本町駅	8.0	東京メトロ日比谷線/小伝馬町駅	7.0	142000.0	142000.0	0.0	-	142000.0	284000.0	5		0	1	0	0
189	新築 ロイジェント東神田	東京都千代田区東神田１	ＪＲ山手線/秋葉原駅 歩9分	都営新宿線/岩本町駅 歩8分	東京メトロ日比谷線/小伝馬町駅 歩7分	6.0	41.0	5階	142000.0	0	14.2万円/14.2万円/-/-	1	27.42	ＪＲ山手線/秋葉原駅	9	都営新宿線/岩本町駅	8.0	東京メトロ日比谷線/小伝馬町駅	7.0	142000.0	142000.0	0.0	-	142000.0	284000.0	5		0	1	0	0
190	新築 ロイジェント東神田	東京都千代田区東神田１	ＪＲ山手線/秋葉原駅 歩9分	都営新宿線/岩本町駅 歩8分	東京メトロ日比谷線/小伝馬町駅 歩7分	6.0	41.0	3階	143000.0	0	14.3万円/14.3万円/-/-	1	32.3	ＪＲ山手線/秋葉原駅	9	都営新宿線/岩本町駅	8.0	東京メトロ日比谷線/小伝馬町駅	7.0	143000.0	143000.0	0.0	-	143000.0	286000.0	3		0	0	0	0
191	新築 ロイジェント東神田	東京都千代田区東神田１	ＪＲ山手線/秋葉原駅 歩9分	都営新宿線/岩本町駅 歩8分	東京メトロ日比谷線/小伝馬町駅 歩7分	6.0	41.0	6階	144000.0	0	14.4万円/14.4万円/-/-	1	27.62	ＪＲ山手線/秋葉原駅	9	都営新宿線/岩本町駅	8.0	東京メトロ日比谷線/小伝馬町駅	7.0	144000.0	144000.0	0.0	-	144000.0	288000.0	6		0	1	0	0
192	新築 ロイジェント東神田	東京都千代田区東神田１	ＪＲ山手線/秋葉原駅 歩9分	都営新宿線/岩本町駅 歩8分	東京メトロ日比谷線/小伝馬町駅 歩7分	6.0	41.0	6階	144000.0	0	14.4万円/14.4万円/-/-	1	27.62	ＪＲ山手線/秋葉原駅	9	都営新宿線/岩本町駅	8.0	東京メトロ日比谷線/小伝馬町駅	7.0	144000.0	144000.0	0.0	-	144000.0	288000.0	6		0	1	0	0
193	新築 ロイジェント東神田	東京都千代田区東神田１	ＪＲ山手線/秋葉原駅 歩9分	都営新宿線/岩本町駅 歩8分	東京メトロ日比谷線/小伝馬町駅 歩7分	6.0	41.0	6階	144000.0	0	14.4万円/14.4万円/-/-	1	27.62	ＪＲ山手線/秋葉原駅	9	都営新宿線/岩本町駅	8.0	東京メトロ日比谷線/小伝馬町駅	7.0	144000.0	144000.0	0.0	-	144000.0	288000.0	6		0	1	0	0
194	新築 ロイジェント東神田	東京都千代田区東神田１	ＪＲ山手線/秋葉原駅 歩9分	都営新宿線/岩本町駅 歩8分	東京メトロ日比谷線/小伝馬町駅 歩7分	6.0	41.0	6階	144000.0	0	14.4万円/14.4万円/-/-	1	27.62	ＪＲ山手線/秋葉原駅	9	都営新宿線/岩本町駅	8.0	東京メトロ日比谷線/小伝馬町駅	7.0	144000.0	144000.0	0.0	-	144000.0	288000.0	6		0	1	0	0
195	新築 ロイジェント東神田	東京都千代田区東神田１	ＪＲ山手線/秋葉原駅 歩9分	都営新宿線/岩本町駅 歩8分	東京メトロ日比谷線/小伝馬町駅 歩7分	6.0	41.0	6階	144000.0	0	14.4万円/14.4万円/-/-	1	27.42	ＪＲ山手線/秋葉原駅	9	都営新宿線/岩本町駅	8.0	東京メトロ日比谷線/小伝馬町駅	7.0	144000.0	144000.0	0.0	-	144000.0	288000.0	6		0	1	0	0
196	新築 ロイジェント東神田	東京都千代田区東神田１	ＪＲ山手線/秋葉原駅 歩9分	都営新宿線/岩本町駅 歩8分	東京メトロ日比谷線/小伝馬町駅 歩7分			6階	144000.0	0	14.4万円/14.4万円/-/-	1	27.42	ＪＲ山手線/秋葉原駅	9	都営新宿線/岩本町駅	8.0	東京メトロ日比谷線/小伝馬町駅	7.0	144000.0	144000.0	0.0	-	144000.0	288000.0	6		0	1	0	0
197	新築 ロイジェント東神田	東京都千代田区東神田１	ＪＲ山手線/秋葉原駅 歩9分	都営新宿線/岩本町駅 歩8分	東京メトロ日比谷線/小伝馬町駅 歩7分			4階	145000.0	0	14.5万円/14.5万円/-/-	1	32.3	ＪＲ山手線/秋葉原駅	9	都営新宿線/岩本町駅	8.0	東京メトロ日比谷線/小伝馬町駅	7.0	145000.0	145000.0	0.0	-	145000.0	290000.0	4		0	0	0	0
198	新築 ロイジェント東神田	東京都千代田区東神田１	ＪＲ山手線/秋葉原駅 歩9分	都営新宿線/岩本町駅 歩8分	東京メトロ日比谷線/小伝馬町駅 歩7分			7階	146000.0	0	14.6万円/14.6万円/-/-	1	27.62	ＪＲ山手線/秋葉原駅	9	都営新宿線/岩本町駅	8.0	東京メトロ日比谷線/小伝馬町駅	7.0	146000.0	146000.0	0.0	-	146000.0	292000.0	7		0	1	0	0
199	新築 ロイジェント東神田	東京都千代田区東神田１	ＪＲ山手線/秋葉原駅 歩9分	都営新宿線/岩本町駅 歩8分	東京メトロ日比谷線/小伝馬町駅 歩7分			7階	146000.0	0	14.6万円/14.6万円/-/-	1	27.62	ＪＲ山手線/秋葉原駅	9	都営新宿線/岩本町駅	8.0	東京メトロ日比谷線/小伝馬町駅	7.0	146000.0	146000.0	0.0	-	146000.0	292000.0	7		0	1	0	0
200	新築 ロイジェント東神田	東京都千代田区東神田１	ＪＲ山手線/秋葉原駅 歩9分	都営新宿線/岩本町駅 歩8分	東京メトロ日比谷線/小伝馬町駅 歩7分			7階	146000.0	0	14.6万円/14.6万円/-/-	1	27.62	ＪＲ山手線/秋葉原駅	9	都営新宿線/岩本町駅	8.0	東京メトロ日比谷線/小伝馬町駅	7.0	146000.0	146000.0	0.0	-	146000.0	292000.0	7		0	1	0	0
201	新築 ロイジェント東神田	東京都千代田区東神田１	ＪＲ山手線/秋葉原駅 歩9分	都営新宿線/岩本町駅 歩8分	東京メトロ日比谷線/小伝馬町駅 歩7分			7階	146000.0	0	14.6万円/14.6万円/-/-	1	27.62	ＪＲ山手線/秋葉原駅	9	都営新宿線/岩本町駅	8.0	東京メトロ日比谷線/小伝馬町駅	7.0	146000.0	146000.0	0.0	-	146000.0	292000.0	7		0	1	0	0
202	新築 ロイジェント東神田	東京都千代田区東神田１	ＪＲ山手線/秋葉原駅 歩9分	都営新宿線/岩本町駅 歩8分	東京メトロ日比谷線/小伝馬町駅 歩7分			7階	146000.0	0	14.6万円/14.6万円/-/-	1	27.42	ＪＲ山手線/秋葉原駅	9	都営新宿線/岩本町駅	8.0	東京メトロ日比谷線/小伝馬町駅	7.0	146000.0	146000.0	0.0	-	146000.0	292000.0	7		0	1	0	0
203	新築 ロイジェント東神田	東京都千代田区東神田１	ＪＲ山手線/秋葉原駅 歩9分	都営新宿線/岩本町駅 歩8分	東京メトロ日比谷線/小伝馬町駅 歩7分			7階	146000.0	0	14.6万円/14.6万円/-/-	1	27.42	ＪＲ山手線/秋葉原駅	9	都営新宿線/岩本町駅	8.0	東京メトロ日比谷線/小伝馬町駅	7.0	146000.0	146000.0	0.0	-	146000.0	292000.0	7		0	1	0	0
204	新築 ロイジェント東神田	東京都千代田区東神田１	ＪＲ山手線/秋葉原駅 歩9分	都営新宿線/岩本町駅 歩8分	東京メトロ日比谷線/小伝馬町駅 歩7分			5階	147000.0	0	14.7万円/14.7万円/-/-	1	32.3	ＪＲ山手線/秋葉原駅	9	都営新宿線/岩本町駅	8.0	東京メトロ日比谷線/小伝馬町駅	7.0	147000.0	147000.0	0.0	-	147000.0	294000.0	5		0	0	0	0
205	新築 ロイジェント東神田	東京都千代田区東神田１	ＪＲ山手線/秋葉原駅 歩9分	都営新宿線/岩本町駅 歩8分	東京メトロ日比谷線/小伝馬町駅 歩7分			8階	148000.0	0	14.8万円/14.8万円/-/-	1	27.62	ＪＲ山手線/秋葉原駅	9	都営新宿線/岩本町駅	8.0	東京メトロ日比谷線/小伝馬町駅	7.0	148000.0	148000.0	0.0	-	148000.0	296000.0	8		0	1	0	0
206	新築 ロイジェント東神田	東京都千代田区東神田１	ＪＲ山手線/秋葉原駅 歩9分	都営新宿線/岩本町駅 歩8分	東京メトロ日比谷線/小伝馬町駅 歩7分			8階	148000.0	0	14.8万円/14.8万円/-/-	1	27.62	ＪＲ山手線/秋葉原駅	9	都営新宿線/岩本町駅	8.0	東京メトロ日比谷線/小伝馬町駅	7.0	148000.0	148000.0	0.0	-	148000.0	296000.0	8		0	1	0	0
207	新築 ロイジェント東神田	東京都千代田区東神田１	ＪＲ山手線/秋葉原駅 歩9分	都営新宿線/岩本町駅 歩8分	東京メトロ日比谷線/小伝馬町駅 歩7分			8階	148000.0	0	14.8万円/14.8万円/-/-	1	27.62	ＪＲ山手線/秋葉原駅	9	都営新宿線/岩本町駅	8.0	東京メトロ日比谷線/小伝馬町駅	7.0	148000.0	148000.0	0.0	-	148000.0	296000.0	8		0	1	0	0
208	新築 ロイジェント東神田	東京都千代田区東神田１	ＪＲ山手線/秋葉原駅 歩9分	都営新宿線/岩本町駅 歩8分	東京メトロ日比谷線/小伝馬町駅 歩7分			8階	148000.0	0	14.8万円/14.8万円/-/-	1	27.62	ＪＲ山手線/秋葉原駅	9	都営新宿線/岩本町駅	8.0	東京メトロ日比谷線/小伝馬町駅	7.0	148000.0	148000.0	0.0	-	148000.0	296000.0	8		0	1	0	0
209	新築 ロイジェント東神田	東京都千代田区東神田１	ＪＲ山手線/秋葉原駅 歩9分	都営新宿線/岩本町駅 歩8分	東京メトロ日比谷線/小伝馬町駅 歩7分			8階	148000.0	0	14.8万円/14.8万円/-/-	1	27.42	ＪＲ山手線/秋葉原駅	9	都営新宿線/岩本町駅	8.0	東京メトロ日比谷線/小伝馬町駅	7.0	148000.0	148000.0	0.0	-	148000.0	296000.0	8		0	1	0	0
210	新築 ロイジェント東神田	東京都千代田区東神田１	ＪＲ山手線/秋葉原駅 歩9分	都営新宿線/岩本町駅 歩8分	東京メトロ日比谷線/小伝馬町駅 歩7分			8階	148000.0	0	14.8万円/14.8万円/-/-	1	27.42	ＪＲ山手線/秋葉原駅	9	都営新宿線/岩本町駅	8.0	東京メトロ日比谷線/小伝馬町駅	7.0	148000.0	148000.0	0.0	-	148000.0	296000.0	8		0	1	0	0
211	新築 ロイジェント東神田	東京都千代田区東神田１	ＪＲ山手線/秋葉原駅 歩9分	都営新宿線/岩本町駅 歩8分	東京メトロ日比谷線/小伝馬町駅 歩7分			6階	149000.0	0	14.9万円/14.9万円/-/-	1	32.3	ＪＲ山手線/秋葉原駅	9	都営新宿線/岩本町駅	8.0	東京メトロ日比谷線/小伝馬町駅	7.0	149000.0	149000.0	0.0	-	149000.0	298000.0	6		0	0	0	0
212	新築 ロイジェント東神田	東京都千代田区東神田１	ＪＲ山手線/秋葉原駅 歩9分	都営新宿線/岩本町駅 歩8分	東京メトロ日比谷線/小伝馬町駅 歩7分			9階	150000.0	0	15万円/15万円/-/-	1	27.62	ＪＲ山手線/秋葉原駅	9	都営新宿線/岩本町駅	8.0	東京メトロ日比谷線/小伝馬町駅	7.0	150000.0	150000.0	0.0	-	150000.0	300000.0	9		0	1	0	0
213	新築 ロイジェント東神田	東京都千代田区東神田１	ＪＲ山手線/秋葉原駅 歩9分	都営新宿線/岩本町駅 歩8分	東京メトロ日比谷線/小伝馬町駅 歩7分			9階	150000.0	0	15万円/15万円/-/-	1	27.62	ＪＲ山手線/秋葉原駅	9	都営新宿線/岩本町駅	8.0	東京メトロ日比谷線/小伝馬町駅	7.0	150000.0	150000.0	0.0	-	150000.0	300000.0	9		0	1	0	0
214	新築 ロイジェント東神田	東京都千代田区東神田１	ＪＲ山手線/秋葉原駅 歩9分	都営新宿線/岩本町駅 歩8分	東京メトロ日比谷線/小伝馬町駅 歩7分			9階	150000.0	0	15万円/15万円/-/-	1	27.62	ＪＲ山手線/秋葉原駅	9	都営新宿線/岩本町駅	8.0	東京メトロ日比谷線/小伝馬町駅	7.0	150000.0	150000.0	0.0	-	150000.0	300000.0	9		0	1	0	0
215	新築 ロイジェント東神田	東京都千代田区東神田１	ＪＲ山手線/秋葉原駅 歩9分	都営新宿線/岩本町駅 歩8分	東京メトロ日比谷線/小伝馬町駅 歩7分			9階	150000.0	0	15万円/15万円/-/-	1	27.62	ＪＲ山手線/秋葉原駅	9	都営新宿線/岩本町駅	8.0	東京メトロ日比谷線/小伝馬町駅	7.0	150000.0	150000.0	0.0	-	150000.0	300000.0	9		0	1	0	0
216	新築 ロイジェント東神田	東京都千代田区東神田１	ＪＲ山手線/秋葉原駅 歩9分	都営新宿線/岩本町駅 歩8分	東京メトロ日比谷線/小伝馬町駅 歩7分			9階	150000.0	0	15万円/15万円/-/-	1	27.42	ＪＲ山手線/秋葉原駅	9	都営新宿線/岩本町駅	8.0	東京メトロ日比谷線/小伝馬町駅	7.0	150000.0	150000.0	0.0	-	150000.0	300000.0	9		0	1	0	0
217	新築 ロイジェント東神田	東京都千代田区東神田１	ＪＲ山手線/秋葉原駅 歩9分	都営新宿線/岩本町駅 歩8分	東京メトロ日比谷線/小伝馬町駅 歩7分			9階	150000.0	0	15万円/15万円/-/-	1	27.42	ＪＲ山手線/秋葉原駅	9	都営新宿線/岩本町駅	8.0	東京メトロ日比谷線/小伝馬町駅	7.0	150000.0	150000.0	0.0	-	150000.0	300000.0	9		0	1	0	0
218	新築 ロイジェント東神田	東京都千代田区東神田１	ＪＲ山手線/秋葉原駅 歩9分	都営新宿線/岩本町駅 歩8分	東京メトロ日比谷線/小伝馬町駅 歩7分			7階	151000.0	0	15.1万円/15.1万円/-/-	1	32.3	ＪＲ山手線/秋葉原駅	9	都営新宿線/岩本町駅	8.0	東京メトロ日比谷線/小伝馬町駅	7.0	151000.0	151000.0	0.0	-	151000.0	302000.0	7		0	0	0	0
219	新築 ロイジェント東神田	東京都千代田区東神田１	ＪＲ山手線/秋葉原駅 歩9分	都営新宿線/岩本町駅 歩8分	東京メトロ日比谷線/小伝馬町駅 歩7分			10階	152000.0	0	15.2万円/15.2万円/-/-	1	27.62	ＪＲ山手線/秋葉原駅	9	都営新宿線/岩本町駅	8.0	東京メトロ日比谷線/小伝馬町駅	7.0	152000.0	152000.0	0.0	-	152000.0	304000.0	10		0	1	0	0
220	新築 ロイジェント東神田	東京都千代田区東神田１	ＪＲ山手線/秋葉原駅 歩9分	都営新宿線/岩本町駅 歩8分	東京メトロ日比谷線/小伝馬町駅 歩7分			10階	152000.0	0	15.2万円/15.2万円/-/-	1	27.62	ＪＲ山手線/秋葉原駅	9	都営新宿線/岩本町駅	8.0	東京メトロ日比谷線/小伝馬町駅	7.0	152000.0	152000.0	0.0	-	152000.0	304000.0	10		0	1	0	0
221	新築 ロイジェント東神田	東京都千代田区東神田１	ＪＲ山手線/秋葉原駅 歩9分	都営新宿線/岩本町駅 歩8分	東京メトロ日比谷線/小伝馬町駅 歩7分			10階	152000.0	0	15.2万円/15.2万円/-/-	1	27.62	ＪＲ山手線/秋葉原駅	9	都営新宿線/岩本町駅	8.0	東京メトロ日比谷線/小伝馬町駅	7.0	152000.0	152000.0	0.0	-	152000.0	304000.0	10		0	1	0	0
222	新築 ロイジェント東神田	東京都千代田区東神田１	ＪＲ山手線/秋葉原駅 歩9分	都営新宿線/岩本町駅 歩8分	東京メトロ日比谷線/小伝馬町駅 歩7分			10階	152000.0	0	15.2万円/15.2万円/-/-	1	27.62	ＪＲ山手線/秋葉原駅	9	都営新宿線/岩本町駅	8.0	東京メトロ日比谷線/小伝馬町駅	7.0	152000.0	152000.0	0.0	-	152000.0	304000.0	10		0	1	0	0
223	新築 ロイジェント東神田	東京都千代田区東神田１	ＪＲ山手線/秋葉原駅 歩9分	都営新宿線/岩本町駅 歩8分	東京メトロ日比谷線/小伝馬町駅 歩7分			10階	152000.0	0	15.2万円/15.2万円/-/-	1	27.42	ＪＲ山手線/秋葉原駅	9	都営新宿線/岩本町駅	8.0	東京メトロ日比谷線/小伝馬町駅	7.0	152000.0	152000.0	0.0	-	152000.0	304000.0	10		0	1	0	0
224	新築 ロイジェント東神田	東京都千代田区東神田１	ＪＲ山手線/秋葉原駅 歩9分	都営新宿線/岩本町駅 歩8分	東京メトロ日比谷線/小伝馬町駅 歩7分			10階	152000.0	0	15.2万円/15.2万円/-/-	1	27.42	ＪＲ山手線/秋葉原駅	9	都営新宿線/岩本町駅	8.0	東京メトロ日比谷線/小伝馬町駅	7.0	152000.0	152000.0	0.0	-	152000.0	304000.0	10		0	1	0	0
225	新築 ロイジェント東神田	東京都千代田区東神田１	ＪＲ山手線/秋葉原駅 歩9分	都営新宿線/岩本町駅 歩8分	東京メトロ日比谷線/小伝馬町駅 歩7分			8階	153000.0	0	15.3万円/15.3万円/-/-	1	32.3	ＪＲ山手線/秋葉原駅	9	都営新宿線/岩本町駅	8.0	東京メトロ日比谷線/小伝馬町駅	7.0	153000.0	153000.0	0.0	-	153000.0	306000.0	8		0	0	0	0
226	新築 ロイジェント東神田	東京都千代田区東神田１	ＪＲ山手線/秋葉原駅 歩9分	都営新宿線/岩本町駅 歩8分	東京メトロ日比谷線/小伝馬町駅 歩7分			11階	154000.0	0	15.4万円/15.4万円/-/-	1	27.26	ＪＲ山手線/秋葉原駅	9	都営新宿線/岩本町駅	8.0	東京メトロ日比谷線/小伝馬町駅	7.0	154000.0	154000.0	0.0	-	154000.0	308000.0	11		0	1	0	0
227	新築 ロイジェント東神田	東京都千代田区東神田１	ＪＲ山手線/秋葉原駅 歩9分	都営新宿線/岩本町駅 歩8分	東京メトロ日比谷線/小伝馬町駅 歩7分			11階	154000.0	0	15.4万円/15.4万円/-/-	1	27.26	ＪＲ山手線/秋葉原駅	9	都営新宿線/岩本町駅	8.0	東京メトロ日比谷線/小伝馬町駅	7.0	154000.0	154000.0	0.0	-	154000.0	308000.0	11		0	1	0	0
228	新築 ロイジェント東神田	東京都千代田区東神田１	ＪＲ山手線/秋葉原駅 歩9分	都営新宿線/岩本町駅 歩8分	東京メトロ日比谷線/小伝馬町駅 歩7分			11階	154000.0	0	15.4万円/15.4万円/-/-	1	27.22	ＪＲ山手線/秋葉原駅	9	都営新宿線/岩本町駅	8.0	東京メトロ日比谷線/小伝馬町駅	7.0	154000.0	154000.0	0.0	-	154000.0	308000.0	11		0	1	0	0
229	新築 ロイジェント東神田	東京都千代田区東神田１	ＪＲ山手線/秋葉原駅 歩9分	都営新宿線/岩本町駅 歩8分	東京メトロ日比谷線/小伝馬町駅 歩7分			11階	154000.0	0	15.4万円/15.4万円/-/-	1	27.22	ＪＲ山手線/秋葉原駅	9	都営新宿線/岩本町駅	8.0	東京メトロ日比谷線/小伝馬町駅	7.0	154000.0	154000.0	0.0	-	154000.0	308000.0	11		0	1	0	0
230	新築 ロイジェント東神田	東京都千代田区東神田１	ＪＲ山手線/秋葉原駅 歩9分	都営新宿線/岩本町駅 歩8分	東京メトロ日比谷線/小伝馬町駅 歩7分			11階	154000.0	0	15.4万円/15.4万円/-/-	1	27.22	ＪＲ山手線/秋葉原駅	9	都営新宿線/岩本町駅	8.0	東京メトロ日比谷線/小伝馬町駅	7.0	154000.0	154000.0	0.0	-	154000.0	308000.0	11		0	1	0	0
231	新築 ロイジェント東神田	東京都千代田区東神田１	ＪＲ山手線/秋葉原駅 歩9分	都営新宿線/岩本町駅 歩8分	東京メトロ日比谷線/小伝馬町駅 歩7分			11階	154000.0	0	15.4万円/15.4万円/-/-	1	27.22	ＪＲ山手線/秋葉原駅	9	都営新宿線/岩本町駅	8.0	東京メトロ日比谷線/小伝馬町駅	7.0	154000.0	154000.0	0.0	-	154000.0	308000.0	11		0	1	0	0
232	新築 ロイジェント東神田	東京都千代田区東神田１	ＪＲ山手線/秋葉原駅 歩9分	都営新宿線/岩本町駅 歩8分	東京メトロ日比谷線/小伝馬町駅 歩7分			9階	155000.0	0	15.5万円/15.5万円/-/-	1	32.3	ＪＲ山手線/秋葉原駅	9	都営新宿線/岩本町駅	8.0	東京メトロ日比谷線/小伝馬町駅	7.0	155000.0	155000.0	0.0	-	155000.0	310000.0	9		0	0	0	0
233	新築 ロイジェント東神田	東京都千代田区東神田１	ＪＲ山手線/秋葉原駅 歩9分	都営新宿線/岩本町駅 歩8分	東京メトロ日比谷線/小伝馬町駅 歩7分			12階	156000.0	0	15.6万円/15.6万円/-/-	1	27.26	ＪＲ山手線/秋葉原駅	9	都営新宿線/岩本町駅	8.0	東京メトロ日比谷線/小伝馬町駅	7.0	156000.0	156000.0	0.0	-	156000.0	312000.0	12		0	1	0	0
234	新築 ロイジェント東神田	東京都千代田区東神田１	ＪＲ山手線/秋葉原駅 歩9分	都営新宿線/岩本町駅 歩8分	東京メトロ日比谷線/小伝馬町駅 歩7分			12階	156000.0	0	15.6万円/15.6万円/-/-	1	27.26	ＪＲ山手線/秋葉原駅	9	都営新宿線/岩本町駅	8.0	東京メトロ日比谷線/小伝馬町駅	7.0	156000.0	156000.0	0.0	-	156000.0	312000.0	12		0	1	0	0
235	新築 ロイジェント東神田	東京都千代田区東神田１	ＪＲ山手線/秋葉原駅 歩9分	都営新宿線/岩本町駅 歩8分	東京メトロ日比谷線/小伝馬町駅 歩7分			12階	156000.0	0	15.6万円/15.6万円/-/-	1	27.22	ＪＲ山手線/秋葉原駅	9	都営新宿線/岩本町駅	8.0	東京メトロ日比谷線/小伝馬町駅	7.0	156000.0	156000.0	0.0	-	156000.0	312000.0	12		0	1	0	0
236	新築 ロイジェント東神田	東京都千代田区東神田１	ＪＲ山手線/秋葉原駅 歩9分	都営新宿線/岩本町駅 歩8分	東京メトロ日比谷線/小伝馬町駅 歩7分			12階	156000.0	0	15.6万円/15.6万円/-/-	1	27.22	ＪＲ山手線/秋葉原駅	9	都営新宿線/岩本町駅	8.0	東京メトロ日比谷線/小伝馬町駅	7.0	156000.0	156000.0	0.0	-	156000.0	312000.0	12		0	1	0	0
237	新築 ロイジェント東神田	東京都千代田区東神田１	ＪＲ山手線/秋葉原駅 歩9分	都営新宿線/岩本町駅 歩8分	東京メトロ日比谷線/小伝馬町駅 歩7分			10階	157000.0	0	15.7万円/15.7万円/-/-	1	32.3	ＪＲ山手線/秋葉原駅	9	都営新宿線/岩本町駅	8.0	東京メトロ日比谷線/小伝馬町駅	7.0	157000.0	157000.0	0.0	-	157000.0	314000.0	10		0	0	0	0
238	新築 ロイジェント東神田	東京都千代田区東神田１	ＪＲ山手線/秋葉原駅 歩9分	都営新宿線/岩本町駅 歩8分	東京メトロ日比谷線/小伝馬町駅 歩7分			11階	159000.0	0	15.9万円/15.9万円/-/-	1	31.9	ＪＲ山手線/秋葉原駅	9	都営新宿線/岩本町駅	8.0	東京メトロ日比谷線/小伝馬町駅	7.0	159000.0	159000.0	0.0	-	159000.0	318000.0	11		0	0	0	0
239	新築 ロイジェント東神田	東京都千代田区東神田１	ＪＲ山手線/秋葉原駅 歩9分	都営新宿線/岩本町駅 歩8分	東京メトロ日比谷線/小伝馬町駅 歩7分			3階	211000.0	0	21.1万円/21.1万円/-/-	1	45.97	ＪＲ山手線/秋葉原駅	9	都営新宿線/岩本町駅	8.0	東京メトロ日比谷線/小伝馬町駅	7.0	211000.0	211000.0	0.0	-	211000.0	422000.0	3		1	0	1	0
240	新築 ロイジェント東神田	東京都千代田区東神田１	ＪＲ山手線/秋葉原駅 歩9分	都営新宿線/岩本町駅 歩8分	東京メトロ日比谷線/小伝馬町駅 歩7分			4階	213000.0	0	21.3万円/21.3万円/-/-	1	45.97	ＪＲ山手線/秋葉原駅	9	都営新宿線/岩本町駅	8.0	東京メトロ日比谷線/小伝馬町駅	7.0	213000.0	213000.0	0.0	-	213000.0	426000.0	4		1	0	1	0
241	新築 ロイジェント東神田	東京都千代田区東神田１	ＪＲ山手線/秋葉原駅 歩9分	都営新宿線/岩本町駅 歩8分	東京メトロ日比谷線/小伝馬町駅 歩7分			5階	215000.0	0	21.5万円/21.5万円/-/-	1	45.97	ＪＲ山手線/秋葉原駅	9	都営新宿線/岩本町駅	8.0	東京メトロ日比谷線/小伝馬町駅	7.0	215000.0	215000.0	0.0	-	215000.0	430000.0	5		1	0	1	0
242	新築 ロイジェント東神田	東京都千代田区東神田１	ＪＲ山手線/秋葉原駅 歩9分	都営新宿線/岩本町駅 歩8分	東京メトロ日比谷線/小伝馬町駅 歩7分			3階	217000.0	0	21.7万円/21.7万円/-/-	1	51.39	ＪＲ山手線/秋葉原駅	9	都営新宿線/岩本町駅	8.0	東京メトロ日比谷線/小伝馬町駅	7.0	217000.0	217000.0	0.0	-	217000.0	434000.0	3		1	0	1	0
243	新築 ロイジェント東神田	東京都千代田区東神田１	ＪＲ山手線/秋葉原駅 歩9分	都営新宿線/岩本町駅 歩8分	東京メトロ日比谷線/小伝馬町駅 歩7分			6階	217000.0	0	21.7万円/21.7万円/-/-	1	45.97	ＪＲ山手線/秋葉原駅	9	都営新宿線/岩本町駅	8.0	東京メトロ日比谷線/小伝馬町駅	7.0	217000.0	217000.0	0.0	-	217000.0	434000.0	6		1	0	1	0
244	新築 ロイジェント東神田	東京都千代田区東神田１	ＪＲ山手線/秋葉原駅 歩9分	都営新宿線/岩本町駅 歩8分	東京メトロ日比谷線/小伝馬町駅 歩7分			2階	219000.0	0	21.9万円/21.9万円/-/-	1	54.71	ＪＲ山手線/秋葉原駅	9	都営新宿線/岩本町駅	8.0	東京メトロ日比谷線/小伝馬町駅	7.0	219000.0	219000.0	0.0	-	219000.0	438000.0	2		1	0	1	0
245	新築 ロイジェント東神田	東京都千代田区東神田１	ＪＲ山手線/秋葉原駅 歩9分	都営新宿線/岩本町駅 歩8分	東京メトロ日比谷線/小伝馬町駅 歩7分			4階	219000.0	0	21.9万円/21.9万円/-/-	1	51.39	ＪＲ山手線/秋葉原駅	9	都営新宿線/岩本町駅	8.0	東京メトロ日比谷線/小伝馬町駅	7.0	219000.0	219000.0	0.0	-	219000.0	438000.0	4		1	0	1	0
246	新築 ロイジェント東神田	東京都千代田区東神田１	ＪＲ山手線/秋葉原駅 歩9分	都営新宿線/岩本町駅 歩8分	東京メトロ日比谷線/小伝馬町駅 歩7分			7階	219000.0	0	21.9万円/21.9万円/-/-	1	45.97	ＪＲ山手線/秋葉原駅	9	都営新宿線/岩本町駅	8.0	東京メトロ日比谷線/小伝馬町駅	7.0	219000.0	219000.0	0.0	-	219000.0	438000.0	7		1	0	1	0
247	新築 ロイジェント東神田	東京都千代田区東神田１	ＪＲ山手線/秋葉原駅 歩9分	都営新宿線/岩本町駅 歩8分	東京メトロ日比谷線/小伝馬町駅 歩7分			5階	221000.0	0	22.1万円/22.1万円/-/-	1	51.39	ＪＲ山手線/秋葉原駅	9	都営新宿線/岩本町駅	8.0	東京メトロ日比谷線/小伝馬町駅	7.0	221000.0	221000.0	0.0	-	221000.0	442000.0	5		1	0	1	0
248	新築 ロイジェント東神田	東京都千代田区東神田１	ＪＲ山手線/秋葉原駅 歩9分	都営新宿線/岩本町駅 歩8分	東京メトロ日比谷線/小伝馬町駅 歩7分			8階	221000.0	0	22.1万円/22.1万円/-/-	1	45.97	ＪＲ山手線/秋葉原駅	9	都営新宿線/岩本町駅	8.0	東京メトロ日比谷線/小伝馬町駅	7.0	221000.0	221000.0	0.0	-	221000.0	442000.0	8		1	0	1	0
249	新築 ロイジェント東神田	東京都千代田区東神田１	ＪＲ山手線/秋葉原駅 歩9分	都営新宿線/岩本町駅 歩8分	東京メトロ日比谷線/小伝馬町駅 歩7分			3階	223000.0	0	22.3万円/22.3万円/-/-	1	55.74	ＪＲ山手線/秋葉原駅	9	都営新宿線/岩本町駅	8.0	東京メトロ日比谷線/小伝馬町駅	7.0	223000.0	223000.0	0.0	-	223000.0	446000.0	3		1	0	1	0
250	新築 ロイジェント東神田	東京都千代田区東神田１	ＪＲ山手線/秋葉原駅 歩9分	都営新宿線/岩本町駅 歩8分	東京メトロ日比谷線/小伝馬町駅 歩7分			6階	223000.0	0	22.3万円/22.3万円/-/-	1	51.39	ＪＲ山手線/秋葉原駅	9	都営新宿線/岩本町駅	8.0	東京メトロ日比谷線/小伝馬町駅	7.0	223000.0	223000.0	0.0	-	223000.0	446000.0	6		1	0	1	0
251	新築 ロイジェント東神田	東京都千代田区東神田１	ＪＲ山手線/秋葉原駅 歩9分	都営新宿線/岩本町駅 歩8分	東京メトロ日比谷線/小伝馬町駅 歩7分			9階	223000.0	0	22.3万円/22.3万円/-/-	1	45.97	ＪＲ山手線/秋葉原駅	9	都営新宿線/岩本町駅	8.0	東京メトロ日比谷線/小伝馬町駅	7.0	223000.0	223000.0	0.0	-	223000.0	446000.0	9		1	0	1	0
252	新築 ロイジェント東神田	東京都千代田区東神田１	ＪＲ山手線/秋葉原駅 歩9分	都営新宿線/岩本町駅 歩8分	東京メトロ日比谷線/小伝馬町駅 歩7分			4階	225000.0	0	22.5万円/22.5万円/-/-	1	55.74	ＪＲ山手線/秋葉原駅	9	都営新宿線/岩本町駅	8.0	東京メトロ日比谷線/小伝馬町駅	7.0	225000.0	225000.0	0.0	-	225000.0	450000.0	4		1	0	1	0
253	新築 ロイジェント東神田	東京都千代田区東神田１	ＪＲ山手線/秋葉原駅 歩9分	都営新宿線/岩本町駅 歩8分	東京メトロ日比谷線/小伝馬町駅 歩7分			3階	225000.0	0	22.5万円/22.5万円/-/-	1	55.74	ＪＲ山手線/秋葉原駅	9	都営新宿線/岩本町駅	8.0	東京メトロ日比谷線/小伝馬町駅	7.0	225000.0	225000.0	0.0	-	225000.0	450000.0	3		1	0	1	0
254	新築 ロイジェント東神田	東京都千代田区東神田１	ＪＲ山手線/秋葉原駅 歩9分	都営新宿線/岩本町駅 歩8分	東京メトロ日比谷線/小伝馬町駅 歩7分			7階	225000.0	0	22.5万円/22.5万円/-/-	1	51.39	ＪＲ山手線/秋葉原駅	9	都営新宿線/岩本町駅	8.0	東京メトロ日比谷線/小伝馬町駅	7.0	225000.0	225000.0	0.0	-	225000.0	450000.0	7		1	0	1	0
255	新築 ロイジェント東神田	東京都千代田区東神田１	ＪＲ山手線/秋葉原駅 歩9分	都営新宿線/岩本町駅 歩8分	東京メトロ日比谷線/小伝馬町駅 歩7分			10階	225000.0	0	22.5万円/22.5万円/-/-	1	45.97	ＪＲ山手線/秋葉原駅	9	都営新宿線/岩本町駅	8.0	東京メトロ日比谷線/小伝馬町駅	7.0	225000.0	225000.0	0.0	-	225000.0	450000.0	10		1	0	1	0
256	新築 ロイジェント東神田	東京都千代田区東神田１	ＪＲ山手線/秋葉原駅 歩9分	都営新宿線/岩本町駅 歩8分	東京メトロ日比谷線/小伝馬町駅 歩7分			5階	227000.0	0	22.7万円/22.7万円/-/-	1	55.74	ＪＲ山手線/秋葉原駅	9	都営新宿線/岩本町駅	8.0	東京メトロ日比谷線/小伝馬町駅	7.0	227000.0	227000.0	0.0	-	227000.0	454000.0	5		1	0	1	0
257	新築 ロイジェント東神田	東京都千代田区東神田１	ＪＲ山手線/秋葉原駅 歩9分	都営新宿線/岩本町駅 歩8分	東京メトロ日比谷線/小伝馬町駅 歩7分			8階	227000.0	0	22.7万円/22.7万円/-/-	1	51.39	ＪＲ山手線/秋葉原駅	9	都営新宿線/岩本町駅	8.0	東京メトロ日比谷線/小伝馬町駅	7.0	227000.0	227000.0	0.0	-	227000.0	454000.0	8		1	0	1	0
258	新築 ロイジェント東神田	東京都千代田区東神田１	ＪＲ山手線/秋葉原駅 歩9分	都営新宿線/岩本町駅 歩8分	東京メトロ日比谷線/小伝馬町駅 歩7分			6階	229000.0	0	22.9万円/22.9万円/-/-	1	55.74	ＪＲ山手線/秋葉原駅	9	都営新宿線/岩本町駅	8.0	東京メトロ日比谷線/小伝馬町駅	7.0	229000.0	229000.0	0.0	-	229000.0	458000.0	6		1	0	1	0
259	新築 ロイジェント東神田	東京都千代田区東神田１	ＪＲ山手線/秋葉原駅 歩9分	都営新宿線/岩本町駅 歩8分	東京メトロ日比谷線/小伝馬町駅 歩7分			9階	229000.0	0	22.9万円/22.9万円/-/-	1	51.39	ＪＲ山手線/秋葉原駅	9	都営新宿線/岩本町駅	8.0	東京メトロ日比谷線/小伝馬町駅	7.0	229000.0	229000.0	0.0	-	229000.0	458000.0	9		1	0	1	0
260	新築 ロイジェント東神田	東京都千代田区東神田１	ＪＲ山手線/秋葉原駅 歩9分	都営新宿線/岩本町駅 歩8分	東京メトロ日比谷線/小伝馬町駅 歩7分			11階	229000.0	0	22.9万円/22.9万円/-/-	1	47.99	ＪＲ山手線/秋葉原駅	9	都営新宿線/岩本町駅	8.0	東京メトロ日比谷線/小伝馬町駅	7.0	229000.0	229000.0	0.0	-	229000.0	458000.0	11		1	0	1	0
261	新築 ロイジェント東神田	東京都千代田区東神田１	ＪＲ山手線/秋葉原駅 歩9分	都営新宿線/岩本町駅 歩8分	東京メトロ日比谷線/小伝馬町駅 歩7分			11階	230000.0	0	23万円/23万円/-/-	1	45.57	ＪＲ山手線/秋葉原駅	9	都営新宿線/岩本町駅	8.0	東京メトロ日比谷線/小伝馬町駅	7.0	230000.0	230000.0	0.0	-	230000.0	460000.0	11		1	0	1	0
262	新築 ロイジェント東神田	東京都千代田区東神田１	ＪＲ山手線/秋葉原駅 歩9分	都営新宿線/岩本町駅 歩8分	東京メトロ日比谷線/小伝馬町駅 歩7分			7階	231000.0	0	23.1万円/23.1万円/-/-	1	55.74	ＪＲ山手線/秋葉原駅	9	都営新宿線/岩本町駅	8.0	東京メトロ日比谷線/小伝馬町駅	7.0	231000.0	231000.0	0.0	-	231000.0	462000.0	7		1	0	1	0
263	新築 ロイジェント東神田	東京都千代田区東神田１	ＪＲ山手線/秋葉原駅 歩9分	都営新宿線/岩本町駅 歩8分	東京メトロ日比谷線/小伝馬町駅 歩7分			10階	231000.0	0	23.1万円/23.1万円/-/-	1	51.39	ＪＲ山手線/秋葉原駅	9	都営新宿線/岩本町駅	8.0	東京メトロ日比谷線/小伝馬町駅	7.0	231000.0	231000.0	0.0	-	231000.0	462000.0	10		1	0	1	0
264	新築 ロイジェント東神田	東京都千代田区東神田１	ＪＲ山手線/秋葉原駅 歩9分	都営新宿線/岩本町駅 歩8分	東京メトロ日比谷線/小伝馬町駅 歩7分			12階	232000.0	0	23.2万円/23.2万円/-/-	1	48.74	ＪＲ山手線/秋葉原駅	9	都営新宿線/岩本町駅	8.0	東京メトロ日比谷線/小伝馬町駅	7.0	232000.0	232000.0	0.0	-	232000.0	464000.0	12		1	0	1	0
265	新築 ロイジェント東神田	東京都千代田区東神田１	ＪＲ山手線/秋葉原駅 歩9分	都営新宿線/岩本町駅 歩8分	東京メトロ日比谷線/小伝馬町駅 歩7分			5階	233000.0	0	23.3万円/23.3万円/-/-	2	57.13	ＪＲ山手線/秋葉原駅	9	都営新宿線/岩本町駅	8.0	東京メトロ日比谷線/小伝馬町駅	7.0	233000.0	233000.0	0.0	-	233000.0	466000.0	5		1	0	1	0
266	新築 ロイジェント東神田	東京都千代田区東神田１	ＪＲ山手線/秋葉原駅 歩9分	都営新宿線/岩本町駅 歩8分	東京メトロ日比谷線/小伝馬町駅 歩7分			8階	233000.0	0	23.3万円/23.3万円/-/-	1	55.74	ＪＲ山手線/秋葉原駅	9	都営新宿線/岩本町駅	8.0	東京メトロ日比谷線/小伝馬町駅	7.0	233000.0	233000.0	0.0	-	233000.0	466000.0	8		1	0	1	0
267	新築 ロイジェント東神田	東京都千代田区東神田１	ＪＲ山手線/秋葉原駅 歩9分	都営新宿線/岩本町駅 歩8分	東京メトロ日比谷線/小伝馬町駅 歩7分			6階	235000.0	0	23.5万円/23.5万円/-/-	2	57.13	ＪＲ山手線/秋葉原駅	9	都営新宿線/岩本町駅	8.0	東京メトロ日比谷線/小伝馬町駅	7.0	235000.0	235000.0	0.0	-	235000.0	470000.0	6		1	0	1	0
268	新築 ロイジェント東神田	東京都千代田区東神田１	ＪＲ山手線/秋葉原駅 歩9分	都営新宿線/岩本町駅 歩8分	東京メトロ日比谷線/小伝馬町駅 歩7分			9階	235000.0	0	23.5万円/23.5万円/-/-	1	55.74	ＪＲ山手線/秋葉原駅	9	都営新宿線/岩本町駅	8.0	東京メトロ日比谷線/小伝馬町駅	7.0	235000.0	235000.0	0.0	-	235000.0	470000.0	9		1	0	1	0
269	新築 ロイジェント東神田	東京都千代田区東神田１	ＪＲ山手線/秋葉原駅 歩9分	都営新宿線/岩本町駅 歩8分	東京メトロ日比谷線/小伝馬町駅 歩7分			12階	236000.0	0	23.6万円/23.6万円/-/-	2	55.44	ＪＲ山手線/秋葉原駅	9	都営新宿線/岩本町駅	8.0	東京メトロ日比谷線/小伝馬町駅	7.0	236000.0	236000.0	0.0	-	236000.0	472000.0	12		1	0	1	0
270	新築 ロイジェント東神田	東京都千代田区東神田１	ＪＲ山手線/秋葉原駅 歩9分	都営新宿線/岩本町駅 歩8分	東京メトロ日比谷線/小伝馬町駅 歩7分			7階	237000.0	0	23.7万円/23.7万円/-/-	2	57.13	ＪＲ山手線/秋葉原駅	9	都営新宿線/岩本町駅	8.0	東京メトロ日比谷線/小伝馬町駅	7.0	237000.0	237000.0	0.0	-	237000.0	474000.0	7		1	0	1	0
271	新築 ロイジェント東神田	東京都千代田区東神田１	ＪＲ山手線/秋葉原駅 歩9分	都営新宿線/岩本町駅 歩8分	東京メトロ日比谷線/小伝馬町駅 歩7分			10階	237000.0	0	23.7万円/23.7万円/-/-	1	55.74	ＪＲ山手線/秋葉原駅	9	都営新宿線/岩本町駅	8.0	東京メトロ日比谷線/小伝馬町駅	7.0	237000.0	237000.0	0.0	-	237000.0	474000.0	10		1	0	1	0
272	新築 ロイジェント東神田	東京都千代田区東神田１	ＪＲ山手線/秋葉原駅 歩9分	都営新宿線/岩本町駅 歩8分	東京メトロ日比谷線/小伝馬町駅 歩7分			8階	239000.0	0	23.9万円/23.9万円/-/-	2	57.13	ＪＲ山手線/秋葉原駅	9	都営新宿線/岩本町駅	8.0	東京メトロ日比谷線/小伝馬町駅	7.0	239000.0	239000.0	0.0	-	239000.0	478000.0	8		1	0	1	0
273	新築 ロイジェント東神田	東京都千代田区東神田１	ＪＲ山手線/秋葉原駅 歩9分	都営新宿線/岩本町駅 歩8分	東京メトロ日比谷線/小伝馬町駅 歩7分			11階	239000.0	0	23.9万円/23.9万円/-/-	1	55.74	ＪＲ山手線/秋葉原駅	9	都営新宿線/岩本町駅	8.0	東京メトロ日比谷線/小伝馬町駅	7.0	239000.0	239000.0	0.0	-	239000.0	478000.0	11		1	0	1	0
274	新築 ロイジェント東神田	東京都千代田区東神田１	ＪＲ山手線/秋葉原駅 歩9分	都営新宿線/岩本町駅 歩8分	東京メトロ日比谷線/小伝馬町駅 歩7分			9階	241000.0	0	24.1万円/24.1万円/-/-	2	57.13	ＪＲ山手線/秋葉原駅	9	都営新宿線/岩本町駅	8.0	東京メトロ日比谷線/小伝馬町駅	7.0	241000.0	241000.0	0.0	-	241000.0	482000.0	9		1	0	1	0
275	新築 ロイジェント東神田	東京都千代田区東神田１	ＪＲ山手線/秋葉原駅 歩9分	都営新宿線/岩本町駅 歩8分	東京メトロ日比谷線/小伝馬町駅 歩7分			12階	241000.0	0	24.1万円/24.1万円/-/-	1	55.74	ＪＲ山手線/秋葉原駅	9	都営新宿線/岩本町駅	8.0	東京メトロ日比谷線/小伝馬町駅	7.0	241000.0	241000.0	0.0	-	241000.0	482000.0	12		1	0	1	0
276	新築 ロイジェント東神田	東京都千代田区東神田１	ＪＲ山手線/秋葉原駅 歩9分	都営新宿線/岩本町駅 歩8分	東京メトロ日比谷線/小伝馬町駅 歩7分			10階	243000.0	0	24.3万円/24.3万円/-/-	2	57.13	ＪＲ山手線/秋葉原駅	9	都営新宿線/岩本町駅	8.0	東京メトロ日比谷線/小伝馬町駅	7.0	243000.0	243000.0	0.0	-	243000.0	486000.0	10		1	0	1	0
277	新築 ロイジェント東神田	東京都千代田区東神田１	ＪＲ山手線/秋葉原駅 歩9分	都営新宿線/岩本町駅 歩8分	東京メトロ日比谷線/小伝馬町駅 歩7分			11階	244000.0	0	24.4万円/24.4万円/-/-	2	57.19	ＪＲ山手線/秋葉原駅	9	都営新宿線/岩本町駅	8.0	東京メトロ日比谷線/小伝馬町駅	7.0	244000.0	244000.0	0.0	-	244000.0	488000.0	11		1	0	1	0
278	新築 ロイジェント東神田	東京都千代田区東神田１	ＪＲ山手線/秋葉原駅 歩9分	都営新宿線/岩本町駅 歩8分	東京メトロ日比谷線/小伝馬町駅 歩7分			12階	246000.0	0	24.6万円/24.6万円/-/-	2	57.19	ＪＲ山手線/秋葉原駅	9	都営新宿線/岩本町駅	8.0	東京メトロ日比谷線/小伝馬町駅	7.0	246000.0	246000.0	0.0	-	246000.0	492000.0	12		1	0	1	0
279	新築 ロイジェント東神田	東京都千代田区東神田１	ＪＲ山手線/秋葉原駅 歩9分	都営新宿線/岩本町駅 歩8分	東京メトロ日比谷線/小伝馬町駅 歩7分			4階	263000.0	0	26.3万円/26.3万円/-/-	2	64.38	ＪＲ山手線/秋葉原駅	9	都営新宿線/岩本町駅	8.0	東京メトロ日比谷線/小伝馬町駅	7.0	263000.0	263000.0	0.0	-	263000.0	526000.0	4		1	0	1	0
280	新築 ロイジェント東神田	東京都千代田区東神田１	ＪＲ山手線/秋葉原駅 歩9分	都営新宿線/岩本町駅 歩8分	東京メトロ日比谷線/小伝馬町駅 歩7分			5階	265000.0	0	26.5万円/26.5万円/-/-	2	64.38	ＪＲ山手線/秋葉原駅	9	都営新宿線/岩本町駅	8.0	東京メトロ日比谷線/小伝馬町駅	7.0	265000.0	265000.0	0.0	-	265000.0	530000.0	5		1	0	1	0
281	新築 ロイジェント東神田	東京都千代田区東神田１	ＪＲ山手線/秋葉原駅 歩9分	都営新宿線/岩本町駅 歩8分	東京メトロ日比谷線/小伝馬町駅 歩7分			6階	267000.0	0	26.7万円/26.7万円/-/-	2	64.38	ＪＲ山手線/秋葉原駅	9	都営新宿線/岩本町駅	8.0	東京メトロ日比谷線/小伝馬町駅	7.0	267000.0	267000.0	0.0	-	267000.0	534000.0	6		1	0	1	0
282	新築 ロイジェント東神田	東京都千代田区東神田１	ＪＲ山手線/秋葉原駅 歩9分	都営新宿線/岩本町駅 歩8分	東京メトロ日比谷線/小伝馬町駅 歩7分			7階	269000.0	0	26.9万円/26.9万円/-/-	2	64.38	ＪＲ山手線/秋葉原駅	9	都営新宿線/岩本町駅	8.0	東京メトロ日比谷線/小伝馬町駅	7.0	269000.0	269000.0	0.0	-	269000.0	538000.0	7		1	0	1	0
283	新築 ロイジェント東神田	東京都千代田区東神田１	ＪＲ山手線/秋葉原駅 歩9分	都営新宿線/岩本町駅 歩8分	東京メトロ日比谷線/小伝馬町駅 歩7分			13階	269000.0	0	26.9万円/26.9万円/-/-	2	55.44	ＪＲ山手線/秋葉原駅	9	都営新宿線/岩本町駅	8.0	東京メトロ日比谷線/小伝馬町駅	7.0	269000.0	269000.0	0.0	-	269000.0	538000.0	13		1	0	1	0
284	新築 ロイジェント東神田	東京都千代田区東神田１	ＪＲ山手線/秋葉原駅 歩9分	都営新宿線/岩本町駅 歩8分	東京メトロ日比谷線/小伝馬町駅 歩7分			8階	271000.0	0	27.1万円/27.1万円/-/-	2	64.38	ＪＲ山手線/秋葉原駅	9	都営新宿線/岩本町駅	8.0	東京メトロ日比谷線/小伝馬町駅	7.0	271000.0	271000.0	0.0	-	271000.0	542000.0	8		1	0	1	0
285	新築 ロイジェント東神田	東京都千代田区東神田１	ＪＲ山手線/秋葉原駅 歩9分	都営新宿線/岩本町駅 歩8分	東京メトロ日比谷線/小伝馬町駅 歩7分			9階	273000.0	0	27.3万円/27.3万円/-/-	2	64.38	ＪＲ山手線/秋葉原駅	9	都営新宿線/岩本町駅	8.0	東京メトロ日比谷線/小伝馬町駅	7.0	273000.0	273000.0	0.0	-	273000.0	546000.0	9		1	0	1	0
286	新築 ロイジェント東神田	東京都千代田区東神田１	ＪＲ山手線/秋葉原駅 歩9分	都営新宿線/岩本町駅 歩8分	東京メトロ日比谷線/小伝馬町駅 歩7分			10階	275000.0	0	27.5万円/27.5万円/-/-	2	64.38	ＪＲ山手線/秋葉原駅	9	都営新宿線/岩本町駅	8.0	東京メトロ日比谷線/小伝馬町駅	7.0	275000.0	275000.0	0.0	-	275000.0	550000.0	10		1	0	1	1
287	新築 ロイジェント東神田	東京都千代田区東神田１	ＪＲ山手線/秋葉原駅 歩9分	都営新宿線/岩本町駅 歩8分	東京メトロ日比谷線/小伝馬町駅 歩7分			11階	276000.0	0	27.6万円/27.6万円/-/-	2	63.98	ＪＲ山手線/秋葉原駅	9	都営新宿線/岩本町駅	8.0	東京メトロ日比谷線/小伝馬町駅	7.0	276000.0	276000.0	0.0	-	276000.0	552000.0	11		1	0	1	0
288	新築 ロイジェント東神田	東京都千代田区東神田１	ＪＲ山手線/秋葉原駅 歩9分	都営新宿線/岩本町駅 歩8分	東京メトロ日比谷線/小伝馬町駅 歩7分			12階	278000.0	0	27.8万円/27.8万円/-/-	2	63.98	ＪＲ山手線/秋葉原駅	9	都営新宿線/岩本町駅	8.0	東京メトロ日比谷線/小伝馬町駅	7.0	278000.0	278000.0	0.0	-	278000.0	556000.0	12		1	0	1	0
289	新築 ロイジェント東神田	東京都千代田区東神田１	ＪＲ山手線/秋葉原駅 歩9分	都営新宿線/岩本町駅 歩8分	東京メトロ日比谷線/小伝馬町駅 歩7分			12階	279000.0	0	27.9万円/27.9万円/-/-	2	70.12	ＪＲ山手線/秋葉原駅	9	都営新宿線/岩本町駅	8.0	東京メトロ日比谷線/小伝馬町駅	7.0	279000.0	279000.0	0.0	-	279000.0	558000.0	12		1	0	1	0
290	新築 ロイジェント東神田	東京都千代田区東神田１	ＪＲ山手線/秋葉原駅 歩9分	都営新宿線/岩本町駅 歩8分	東京メトロ日比谷線/小伝馬町駅 歩7分			13階	312000.0	0	31.2万円/31.2万円/-/-	2	70.12	ＪＲ山手線/秋葉原駅	9	都営新宿線/岩本町駅	8.0	東京メトロ日比谷線/小伝馬町駅	7.0	312000.0	312000.0	0.0	-	312000.0	624000.0	13		1	0	1	0
291	新築 ロイジェント東神田	東京都千代田区東神田１	ＪＲ山手線/秋葉原駅 歩9分	都営新宿線/岩本町駅 歩8分	東京メトロ日比谷線/小伝馬町駅 歩7分			3階	332000.0	0	33.2万円/33.2万円/-/-	3	82.4	ＪＲ山手線/秋葉原駅	9	都営新宿線/岩本町駅	8.0	東京メトロ日比谷線/小伝馬町駅	7.0	332000.0	332000.0	0.0	-	332000.0	664000.0	3		1	0	1	0
292	新築 ロイジェント東神田	東京都千代田区東神田１	ＪＲ山手線/秋葉原駅 歩9分	都営新宿線/岩本町駅 歩8分	東京メトロ日比谷線/小伝馬町駅 歩7分			13階	332000.0	0	33.2万円/33.2万円/-/-	2	70.12	ＪＲ山手線/秋葉原駅	9	都営新宿線/岩本町駅	8.0	東京メトロ日比谷線/小伝馬町駅	7.0	332000.0	332000.0	0.0	-	332000.0	664000.0	13		1	0	1	0
293	新築 ロイジェント東神田	東京都千代田区東神田１	ＪＲ山手線/秋葉原駅 歩9分	都営新宿線/岩本町駅 歩8分	東京メトロ日比谷線/小伝馬町駅 歩7分			13階	354000.0	0	35.4万円/35.4万円/-/-	2	85.12	ＪＲ山手線/秋葉原駅	9	都営新宿線/岩本町駅	8.0	東京メトロ日比谷線/小伝馬町駅	7.0	354000.0	354000.0	0.0	-	354000.0	708000.0	13		1	0	1	1
294	新築 ロイジェント東神田	東京都千代田区東神田１	ＪＲ山手線/秋葉原駅 歩9分	都営新宿線/岩本町駅 歩8分	東京メトロ日比谷線/小伝馬町駅 歩7分			13階	354000.0	0	35.4万円/35.4万円/-/-	3	84.66	ＪＲ山手線/秋葉原駅	9	都営新宿線/岩本町駅	8.0	東京メトロ日比谷線/小伝馬町駅	7.0	354000.0	354000.0	0.0	-	354000.0	708000.0	13		1	0	1	0
295	新築 ロイジェント東神田	東京都千代田区東神田１	ＪＲ山手線/秋葉原駅 歩9分	都営新宿線/岩本町駅 歩8分	東京メトロ日比谷線/小伝馬町駅 歩7分			13階	356000.0	0	35.6万円/35.6万円/-/-	3	87.5	ＪＲ山手線/秋葉原駅	9	都営新宿線/岩本町駅	8.0	東京メトロ日比谷線/小伝馬町駅	7.0	356000.0	356000.0	0.0	-	356000.0	712000.0	13		1	0	1	0
296	新築 ロイジェント東神田	東京都千代田区東神田１	ＪＲ山手線/秋葉原駅 歩9分	都営新宿線/岩本町駅 歩8分	東京メトロ日比谷線/小伝馬町駅 歩7分			13階	359000.0	0	35.9万円/35.9万円/-/-	3	89.77	ＪＲ山手線/秋葉原駅	9	都営新宿線/岩本町駅	8.0	東京メトロ日比谷線/小伝馬町駅	7.0	359000.0	359000.0	0.0	-	359000.0	718000.0	13		1	0	1	0
297	新築 ロイジェント東神田	東京都千代田区東神田１	ＪＲ山手線/秋葉原駅 歩9分	都営新宿線/岩本町駅 歩8分	東京メトロ日比谷線/小伝馬町駅 歩7分			13階	374000.0	0	37.4万円/37.4万円/-/-	2	85.12	ＪＲ山手線/秋葉原駅	9	都営新宿線/岩本町駅	8.0	東京メトロ日比谷線/小伝馬町駅	7.0	374000.0	374000.0	0.0	-	374000.0	748000.0	13		1	0	1	0
298	新築 ロイジェント東神田	東京都千代田区東神田１	ＪＲ山手線/秋葉原駅 歩9分	都営新宿線/岩本町駅 歩8分	東京メトロ日比谷線/小伝馬町駅 歩7分			13階	374000.0	0	37.4万円/37.4万円/-/-	3	84.66	ＪＲ山手線/秋葉原駅	9	都営新宿線/岩本町駅	8.0	東京メトロ日比谷線/小伝馬町駅	7.0	374000.0	374000.0	0.0	-	374000.0	748000.0	13		1	0	1	0
299	新築 ロイジェント東神田	東京都千代田区東神田１	ＪＲ山手線/秋葉原駅 歩9分	都営新宿線/岩本町駅 歩8分	東京メトロ日比谷線/小伝馬町駅 歩7分			13階	379000.0	0	37.9万円/37.9万円/-/-	3	89.77	ＪＲ山手線/秋葉原駅	9	都営新宿線/岩本町駅	8.0	東京メトロ日比谷線/小伝馬町駅	7.0	379000.0	379000.0	0.0	-	379000.0	758000.0	13		1	0	1	0
300	富士見デュープレックス ビズ	東京都千代田区富士見１	東京メトロ東西線/飯田橋駅 歩6分	都営三田線/水道橋駅 歩15分	都営大江戸線/牛込神楽坂駅 歩14分			6階	245000.0	15000	24.5万円/-/-/-	1	51.64	東京メトロ東西線/飯田橋駅	6	都営三田線/水道橋駅	15.0	都営大江戸線/牛込神楽坂駅	14.0	245000.0	0.0	0.0	-	260000.0	245000.0	6		1	0	1	0
301	レジディア神田	東京都千代田区神田多町２	ＪＲ山手線/秋葉原駅 歩4分	ＪＲ山手線/神田駅 歩3分	都営新宿線/岩本町駅 歩2分			1階	90000.0	5000	18万円/-/-/-	1	22.05	ＪＲ山手線/秋葉原駅	4	ＪＲ山手線/神田駅	3.0	都営新宿線/岩本町駅	2.0	180000.0	0.0	0.0	-	95000.0	180000.0	1		0	0	0	0
302	レジディア神田	東京都千代田区神田多町２	ＪＲ山手線/秋葉原駅 歩4分	ＪＲ山手線/神田駅 歩3分	都営新宿線/岩本町駅 歩2分			1階	90000.0	5000	18万円/9万円/-/-	1	22.05	ＪＲ山手線/秋葉原駅	4	ＪＲ山手線/神田駅	3.0	都営新宿線/岩本町駅	2.0	180000.0	90000.0	0.0	-	95000.0	270000.0	1		0	0	0	0
303	レジディア神田	東京都千代田区神田多町２	ＪＲ山手線/秋葉原駅 歩4分	ＪＲ山手線/神田駅 歩3分	都営新宿線/岩本町駅 歩2分			1階	90000.0	5000	9万円/9万円/-/-	1	22.05	ＪＲ山手線/秋葉原駅	4	ＪＲ山手線/神田駅	3.0	都営新宿線/岩本町駅	2.0	90000.0	90000.0	0.0	-	95000.0	180000.0	1		0	0	0	0
304	レジディア神田	東京都千代田区神田多町２	ＪＲ山手線/秋葉原駅 歩4分	ＪＲ山手線/神田駅 歩3分	都営新宿線/岩本町駅 歩2分			9階	145000.0	10000	29万円/14.5万円/-/-	1	30.2	ＪＲ山手線/秋葉原駅	4	ＪＲ山手線/神田駅	3.0	都営新宿線/岩本町駅	2.0	290000.0	145000.0	0.0	-	155000.0	435000.0	9		1	0	1	0
305	レジディア神田	東京都千代田区神田多町２	ＪＲ山手線/秋葉原駅 歩4分	ＪＲ山手線/神田駅 歩3分	都営新宿線/岩本町駅 歩2分			4階	146000.0	10000	14.6万円/14.6万円/-/-	1	32.88	ＪＲ山手線/秋葉原駅	4	ＪＲ山手線/神田駅	3.0	都営新宿線/岩本町駅	2.0	146000.0	146000.0	0.0	-	156000.0	292000.0	4		1	0	1	0
306	レジディア神田	東京都千代田区神田多町２	ＪＲ山手線/秋葉原駅 歩4分	ＪＲ山手線/神田駅 歩3分	都営新宿線/岩本町駅 歩2分			4階	146000.0	10000	14.6万円/14.6万円/-/-	1	32.88	ＪＲ山手線/秋葉原駅	4	ＪＲ山手線/神田駅	3.0	都営新宿線/岩本町駅	2.0	146000.0	146000.0	0.0	-	156000.0	292000.0	4		1	0	1	0
307	レジディア神田	東京都千代田区神田多町２	ＪＲ山手線/秋葉原駅 歩4分	ＪＲ山手線/神田駅 歩3分	都営新宿線/岩本町駅 歩2分			5階	147000.0	10000	29.4万円/14.7万円/-/-	1	32.88	ＪＲ山手線/秋葉原駅	4	ＪＲ山手線/神田駅	3.0	都営新宿線/岩本町駅	2.0	294000.0	147000.0	0.0	-	157000.0	441000.0	5		1	0	1	0
308	レジディア神田	東京都千代田区神田多町２	ＪＲ山手線/秋葉原駅 歩4分	ＪＲ山手線/神田駅 歩3分	都営新宿線/岩本町駅 歩2分			6階	148000.0	10000	14.8万円/14.8万円/-/-	1	32.88	ＪＲ山手線/秋葉原駅	4	ＪＲ山手線/神田駅	3.0	都営新宿線/岩本町駅	2.0	148000.0	148000.0	0.0	-	158000.0	296000.0	6		1	0	1	0
309	レジディア神田	東京都千代田区神田多町２	ＪＲ山手線/秋葉原駅 歩4分	ＪＲ山手線/神田駅 歩3分	都営新宿線/岩本町駅 歩2分			9階	154000.0	10000	15.4万円/15.4万円/-/-	1	32.88	ＪＲ山手線/秋葉原駅	4	ＪＲ山手線/神田駅	3.0	都営新宿線/岩本町駅	2.0	154000.0	154000.0	0.0	-	164000.0	308000.0	9		1	0	1	0
310	レジディア神田	東京都千代田区神田多町２	ＪＲ山手線/秋葉原駅 歩4分	ＪＲ山手線/神田駅 歩3分	都営新宿線/岩本町駅 歩2分			12-13階	180000.0	10000	18万円/18万円/-/-	1	49.31	ＪＲ山手線/秋葉原駅	4	ＪＲ山手線/神田駅	3.0	都営新宿線/岩本町駅	2.0	180000.0	180000.0	0.0	-	190000.0	360000.0	12	13階	1	0	1	0
311	セントラルプラザ	東京都千代田区飯田橋４	東京メトロ東西線/飯田橋駅 歩1分	都営大江戸線/牛込神楽坂駅 歩8分	東京メトロ東西線/神楽坂駅 歩11分			12階	200000.0	0	20万円/20万円/-/-	3	61.42	東京メトロ東西線/飯田橋駅	1	都営大江戸線/牛込神楽坂駅	8.0	東京メトロ東西線/神楽坂駅	11.0	200000.0	200000.0	0.0	-	200000.0	400000.0	12		1	0	0	0
312	セントラルプラザ	東京都千代田区飯田橋４	東京メトロ東西線/飯田橋駅 歩1分	都営大江戸線/牛込神楽坂駅 歩8分	東京メトロ東西線/神楽坂駅 歩11分			10階	205000.0	0	20.5万円/20.5万円/-/-	3	61.42	東京メトロ東西線/飯田橋駅	1	都営大江戸線/牛込神楽坂駅	8.0	東京メトロ東西線/神楽坂駅	11.0	205000.0	205000.0	0.0	-	205000.0	410000.0	10		1	0	0	0
313	ＪＲ中央線 飯田橋駅 16階建 築35年	東京都千代田区飯田橋４	ＪＲ中央線/飯田橋駅 歩1分	都営大江戸線/牛込神楽坂駅 歩10分	東京メトロ南北線/後楽園駅 歩11分			12階	200000.0	0	20万円/20万円/-/-	3	61.42	ＪＲ中央線/飯田橋駅	1	都営大江戸線/牛込神楽坂駅	10.0	東京メトロ南北線/後楽園駅	11.0	200000.0	200000.0	0.0	-	200000.0	400000.0	12		1	0	0	0
314	ＪＲ中央線 飯田橋駅 16階建 築35年	東京都千代田区飯田橋４	ＪＲ中央線/飯田橋駅 歩1分	都営大江戸線/牛込神楽坂駅 歩10分	東京メトロ南北線/後楽園駅 歩11分			10階	205000.0	0	20.5万円/20.5万円/-/-	3	61.42	ＪＲ中央線/飯田橋駅	1	都営大江戸線/牛込神楽坂駅	10.0	東京メトロ南北線/後楽園駅	11.0	205000.0	205000.0	0.0	-	205000.0	410000.0	10		1	0	0	0
315	グリーンパーク千代田淡路町	東京都千代田区神田多町２	東京メトロ丸ノ内線/淡路町駅 歩3分	ＪＲ山手線/神田駅 歩5分	都営新宿線/小川町駅 歩4分			7階	159000.0	10000	15.9万円/31.8万円/-/-	1	40.01	東京メトロ丸ノ内線/淡路町駅	3	ＪＲ山手線/神田駅	5.0	都営新宿線/小川町駅	4.0	159000.0	318000.0	0.0	-	169000.0	477000.0	7		1	0	1	0
316	グリーンパーク千代田淡路町	東京都千代田区神田多町２	東京メトロ丸ノ内線/淡路町駅 歩3分	ＪＲ山手線/神田駅 歩5分	都営新宿線/小川町駅 歩4分			7階	159000.0	10000	15.9万円/31.8万円/-/-	1	40.01	東京メトロ丸ノ内線/淡路町駅	3	ＪＲ山手線/神田駅	5.0	都営新宿線/小川町駅	4.0	159000.0	318000.0	0.0	-	169000.0	477000.0	7		1	0	1	0
317	ライオンズ千代田三崎町	東京都千代田区神田三崎町３	ＪＲ総武線/水道橋駅 歩3分	ＪＲ総武線/飯田橋駅 歩8分	東京メトロ東西線/九段下駅 歩8分			14階	160000.0	12000	16万円/-/-/16万円	1	38.96	ＪＲ総武線/水道橋駅	3	ＪＲ総武線/飯田橋駅	8.0	東京メトロ東西線/九段下駅	8.0	160000.0	0.0	0.0	16万円	172000.0	160000.0	14		1	0	1	0
318	東京メトロ日比谷線 上野駅 7階建 築2年	東京都台東区東上野２	東京メトロ日比谷線/上野駅 歩2分	京成本線/京成上野駅 歩8分	都営大江戸線/上野御徒町駅 歩9分	5.0	12.0	5階	140000.0	10000	14万円/14万円/-/-	1	40.5	東京メトロ日比谷線/上野駅	2	京成本線/京成上野駅	8.0	都営大江戸線/上野御徒町駅	9.0	140000.0	140000.0	0.0	-	150000.0	280000.0	5		1	0	1	0
319	ジェノヴィア浅草橋グリーンヴェール	東京都台東区柳橋２	ＪＲ総武線/浅草橋駅 歩4分	都営浅草線/東日本橋駅 歩10分	ＪＲ総武線/両国駅 歩14分	5.0	12.0	7階	88500.0	10000	-/8.85万円/-/-	1	25.67	ＪＲ総武線/浅草橋駅	4	都営浅草線/東日本橋駅	10.0	ＪＲ総武線/両国駅	14.0	0.0	88500.0	0.0	-	98500.0	88500.0	7		0	1	0	0
320	ジェノヴィア浅草橋グリーンヴェール	東京都台東区柳橋２	ＪＲ総武線/浅草橋駅 歩4分	都営浅草線/東日本橋駅 歩10分	ＪＲ総武線/両国駅 歩14分	5.0	12.0	8階	141500.0	15000	-/14.15万円/-/-	2	40.9	ＪＲ総武線/浅草橋駅	4	都営浅草線/東日本橋駅	10.0	ＪＲ総武線/両国駅	14.0	0.0	141500.0	0.0	-	156500.0	141500.0	8		0	1	0	0
321	ライジングプレイス浅草四番館	東京都台東区千束１	つくばエクスプレス/浅草駅 歩5分	東京メトロ日比谷線/入谷駅 歩9分	東京メトロ銀座線/田原町駅 歩13分	5.0	12.0	10階	84000.0	10000	8.4万円/8.4万円/-/-	1	25.54	つくばエクスプレス/浅草駅	5	東京メトロ日比谷線/入谷駅	9.0	東京メトロ銀座線/田原町駅	13.0	84000.0	84000.0	0.0	-	94000.0	168000.0	10		0	1	0	0
322	ライジングプレイス浅草四番館	東京都台東区千束１	つくばエクスプレス/浅草駅 歩5分	東京メトロ日比谷線/入谷駅 歩9分	東京メトロ銀座線/田原町駅 歩13分	5.0	12.0	12階	135000.0	10000	13.5万円/13.5万円/-/-	1	40.94	つくばエクスプレス/浅草駅	5	東京メトロ日比谷線/入谷駅	9.0	東京メトロ銀座線/田原町駅	13.0	135000.0	135000.0	0.0	-	145000.0	270000.0	12		1	0	1	0
323	東京メトロ日比谷線 入谷駅 14階建 新築	東京都台東区入谷１	東京メトロ日比谷線/入谷駅 歩2分	ＪＲ山手線/鶯谷駅 歩10分	つくばエクスプレス/浅草駅 歩15分	5.0	12.0	8階	102000.0	0	10.2万円/20.4万円/-/-	1	27.69	東京メトロ日比谷線/入谷駅	2	ＪＲ山手線/鶯谷駅	10.0	つくばエクスプレス/浅草駅	15.0	102000.0	204000.0	0.0	-	102000.0	306000.0	8		0	1	0	0
324	東京メトロ日比谷線 入谷駅 14階建 新築	東京都台東区入谷１	東京メトロ日比谷線/入谷駅 歩2分	ＪＲ山手線/鶯谷駅 歩10分	つくばエクスプレス/浅草駅 歩15分	5.0	12.0	9階	103000.0	0	10.3万円/20.6万円/-/-	1	27.93	東京メトロ日比谷線/入谷駅	2	ＪＲ山手線/鶯谷駅	10.0	つくばエクスプレス/浅草駅	15.0	103000.0	206000.0	0.0	-	103000.0	309000.0	9		0	1	0	0
325	パティオ神田	東京都千代田区岩本町２	ＪＲ山手線/神田駅 歩6分	ＪＲ総武線/秋葉原駅 歩9分	東京メトロ銀座線/三越前駅 歩10分	5.0	12.0	8階	98000.0	12000	-/-/9.8万円/-	1	25.03	ＪＲ山手線/神田駅	6	ＪＲ総武線/秋葉原駅	9.0	東京メトロ銀座線/三越前駅	10.0	0.0	0.0	98000.0	-	110000.0	98000.0	8		0	1	0	0
326	パティオ神田	東京都千代田区岩本町２	ＪＲ山手線/神田駅 歩6分	ＪＲ総武線/秋葉原駅 歩9分	東京メトロ銀座線/三越前駅 歩10分	5.0	12.0	8階	107000.0	12000	-/-/21.4万円/21.4万円	1	25.03	ＪＲ山手線/神田駅	6	ＪＲ総武線/秋葉原駅	9.0	東京メトロ銀座線/三越前駅	10.0	0.0	0.0	214000.0	21.4万円	119000.0	214000.0	8		0	1	0	0
327	パティオ神田	東京都千代田区岩本町２	ＪＲ山手線/神田駅 歩6分	ＪＲ総武線/秋葉原駅 歩9分	東京メトロ銀座線/三越前駅 歩10分	5.0	12.0	8階	107000.0	12000	-/-/21.4万円/21.4万円	1	25.01	ＪＲ山手線/神田駅	6	ＪＲ総武線/秋葉原駅	9.0	東京メトロ銀座線/三越前駅	10.0	0.0	0.0	214000.0	21.4万円	119000.0	214000.0	8		0	1	0	0
328	パティオ神田	東京都千代田区岩本町２	ＪＲ山手線/神田駅 歩6分	ＪＲ総武線/秋葉原駅 歩9分	東京メトロ銀座線/三越前駅 歩10分	5.0	12.0	9階	109000.0	12000	-/-/21.8万円/-	1	25.04	ＪＲ山手線/神田駅	6	ＪＲ総武線/秋葉原駅	9.0	東京メトロ銀座線/三越前駅	10.0	0.0	0.0	218000.0	-	121000.0	218000.0	9		0	1	0	0
329	パティオ神田	東京都千代田区岩本町２	ＪＲ山手線/神田駅 歩6分	ＪＲ総武線/秋葉原駅 歩9分	東京メトロ銀座線/三越前駅 歩10分	5.0	12.0	8階	117000.0	8000	-/-/-/-	1	25.01	ＪＲ山手線/神田駅	6	ＪＲ総武線/秋葉原駅	9.0	東京メトロ銀座線/三越前駅	10.0	0.0	0.0	0.0	-	125000.0	0.0	8		0	1	0	0
330	パティオ神田	東京都千代田区岩本町２	ＪＲ山手線/神田駅 歩6分	ＪＲ総武線/秋葉原駅 歩9分	東京メトロ銀座線/三越前駅 歩10分	5.0	12.0	8階	117000.0	12000	-/-/-/-	1	25.04	ＪＲ山手線/神田駅	6	ＪＲ総武線/秋葉原駅	9.0	東京メトロ銀座線/三越前駅	10.0	0.0	0.0	0.0	-	129000.0	0.0	8		0	1	0	0
331	パティオ神田	東京都千代田区岩本町２	ＪＲ山手線/神田駅 歩6分	ＪＲ総武線/秋葉原駅 歩9分	東京メトロ銀座線/三越前駅 歩10分	5.0	12.0	9階	119000.0	12000	-/-/-/-	1	25.04	ＪＲ山手線/神田駅	6	ＪＲ総武線/秋葉原駅	9.0	東京メトロ銀座線/三越前駅	10.0	0.0	0.0	0.0	-	131000.0	0.0	9		0	1	0	0
332	パティオ神田	東京都千代田区岩本町２	ＪＲ山手線/神田駅 歩6分	ＪＲ総武線/秋葉原駅 歩9分	東京メトロ銀座線/三越前駅 歩10分	5.0	12.0	13階	129000.0	12000	-/-/25.8万円/25.8万円	1	30.19	ＪＲ山手線/神田駅	6	ＪＲ総武線/秋葉原駅	9.0	東京メトロ銀座線/三越前駅	10.0	0.0	0.0	258000.0	25.8万円	141000.0	258000.0	13		1	0	1	0
333	パティオ神田	東京都千代田区岩本町２	ＪＲ山手線/神田駅 歩6分	ＪＲ総武線/秋葉原駅 歩9分	東京メトロ銀座線/三越前駅 歩10分	5.0	12.0	13階	129000.0	12000	-/-/25.8万円/-	1	30.19	ＪＲ山手線/神田駅	6	ＪＲ総武線/秋葉原駅	9.0	東京メトロ銀座線/三越前駅	10.0	0.0	0.0	258000.0	-	141000.0	258000.0	13		0	1	0	0
334	パティオ神田	東京都千代田区岩本町２	ＪＲ山手線/神田駅 歩6分	ＪＲ総武線/秋葉原駅 歩9分	東京メトロ銀座線/三越前駅 歩10分	5.0	12.0	13階	139000.0	12000	-/-/-/-	1	30.19	ＪＲ山手線/神田駅	6	ＪＲ総武線/秋葉原駅	9.0	東京メトロ銀座線/三越前駅	10.0	0.0	0.0	0.0	-	151000.0	0.0	13		1	0	1	0
335	パティオ神田	東京都千代田区岩本町２	ＪＲ山手線/神田駅 歩6分	ＪＲ総武線/秋葉原駅 歩9分	東京メトロ銀座線/三越前駅 歩10分	5.0	12.0	5階	175000.0	12000	-/-/35万円/-	1	45.81	ＪＲ山手線/神田駅	6	ＪＲ総武線/秋葉原駅	9.0	東京メトロ銀座線/三越前駅	10.0	0.0	0.0	350000.0	-	187000.0	350000.0	5		1	0	1	0
336	プレミアムキューブG上野	東京都台東区元浅草１	ＪＲ山手線/上野駅 歩10分	東京メトロ銀座線/稲荷町駅 歩3分	都営大江戸線/新御徒町駅 歩4分	5.0	12.0	1階	90500.0	15000	9.05万円/9.05万円/-/-	1	25.82	ＪＲ山手線/上野駅	10	東京メトロ銀座線/稲荷町駅	3.0	都営大江戸線/新御徒町駅	4.0	90500.0	90500.0	0.0	-	105500.0	181000.0	1		0	1	0	0
337	プレミアムキューブG上野	東京都台東区元浅草１	ＪＲ山手線/上野駅 歩10分	東京メトロ銀座線/稲荷町駅 歩3分	都営大江戸線/新御徒町駅 歩4分	5.0	12.0	2階	93500.0	15000	9.35万円/9.35万円/-/-	1	25.82	ＪＲ山手線/上野駅	10	東京メトロ銀座線/稲荷町駅	3.0	都営大江戸線/新御徒町駅	4.0	93500.0	93500.0	0.0	-	108500.0	187000.0	2		0	1	0	0
338	プレミアムキューブG上野	東京都台東区元浅草１	ＪＲ山手線/上野駅 歩10分	東京メトロ銀座線/稲荷町駅 歩3分	都営大江戸線/新御徒町駅 歩4分	5.0	12.0	3階	94000.0	15000	9.4万円/9.4万円/-/9.4万円	1	25.82	ＪＲ山手線/上野駅	10	東京メトロ銀座線/稲荷町駅	3.0	都営大江戸線/新御徒町駅	4.0	94000.0	94000.0	0.0	9.4万円	109000.0	188000.0	3		0	1	0	0
339	プレミアムキューブG上野	東京都台東区元浅草１	ＪＲ山手線/上野駅 歩10分	東京メトロ銀座線/稲荷町駅 歩3分	都営大江戸線/新御徒町駅 歩4分	5.0	12.0	1階	95500.0	15000	-/-/-/-	1	25.82	ＪＲ山手線/上野駅	10	東京メトロ銀座線/稲荷町駅	3.0	都営大江戸線/新御徒町駅	4.0	0.0	0.0	0.0	-	110500.0	0.0	1		0	1	0	0
340	プレミアムキューブG上野	東京都台東区元浅草１	ＪＲ山手線/上野駅 歩10分	東京メトロ銀座線/稲荷町駅 歩3分	都営大江戸線/新御徒町駅 歩4分	5.0	12.0	2階	98500.0	15000	-/-/-/-	1	25.82	ＪＲ山手線/上野駅	10	東京メトロ銀座線/稲荷町駅	3.0	都営大江戸線/新御徒町駅	4.0	0.0	0.0	0.0	-	113500.0	0.0	2		0	1	0	0
341	プレミアムキューブG上野	東京都台東区元浅草１	ＪＲ山手線/上野駅 歩10分	東京メトロ銀座線/稲荷町駅 歩3分	都営大江戸線/新御徒町駅 歩4分	5.0	12.0	9階	142000.0	15000	14.2万円/-/-/-	1	40.25	ＪＲ山手線/上野駅	10	東京メトロ銀座線/稲荷町駅	3.0	都営大江戸線/新御徒町駅	4.0	142000.0	0.0	0.0	-	157000.0	142000.0	9		1	0	1	0
342	GRACIA MINOWA	東京都台東区三ノ輪１	東京メトロ日比谷線/三ノ輪駅 歩1分	都電荒川線/三ノ輪橋駅 歩5分	ＪＲ常磐線/南千住駅 歩17分	5.0	12.0	2階	70000.0	5000	7万円/-/-/-	1	13.85	東京メトロ日比谷線/三ノ輪駅	1	都電荒川線/三ノ輪橋駅	5.0	ＪＲ常磐線/南千住駅	17.0	70000.0	0.0	0.0	-	75000.0	70000.0	2		0	0	0	0
343	アーバネックス秋葉原イースト	東京都台東区浅草橋５	ＪＲ山手線/秋葉原駅 歩9分	都営浅草線/東日本橋駅 歩12分	都営浅草線/浅草橋駅 歩5分	5.0	12.0	3階	103000.0	10000	10.3万円/10.3万円/-/-	1	24.65	ＪＲ山手線/秋葉原駅	9	都営浅草線/東日本橋駅	12.0	都営浅草線/浅草橋駅	5.0	103000.0	103000.0	0.0	-	113000.0	206000.0	3		0	1	0	0
344	アーバネックス秋葉原イースト	東京都台東区浅草橋５	ＪＲ山手線/秋葉原駅 歩9分	都営浅草線/東日本橋駅 歩12分	都営浅草線/浅草橋駅 歩5分	5.0	12.0	3階	104000.0	10000	10.4万円/10.4万円/-/-	1	24.65	ＪＲ山手線/秋葉原駅	9	都営浅草線/東日本橋駅	12.0	都営浅草線/浅草橋駅	5.0	104000.0	104000.0	0.0	-	114000.0	208000.0	3		0	1	0	0
345	アーバネックス秋葉原イースト	東京都台東区浅草橋５	ＪＲ山手線/秋葉原駅 歩9分	都営浅草線/東日本橋駅 歩12分	都営浅草線/浅草橋駅 歩5分	5.0	12.0	6階	104000.0	10000	10.4万円/10.4万円/-/-	1	24.65	ＪＲ山手線/秋葉原駅	9	都営浅草線/東日本橋駅	12.0	都営浅草線/浅草橋駅	5.0	104000.0	104000.0	0.0	-	114000.0	208000.0	6		0	1	0	0
346	アーバネックス秋葉原イースト	東京都台東区浅草橋５	ＪＲ山手線/秋葉原駅 歩9分	都営浅草線/東日本橋駅 歩12分	都営浅草線/浅草橋駅 歩5分	5.0	12.0	8階	105000.0	10000	10.5万円/10.5万円/-/-	1	24.65	ＪＲ山手線/秋葉原駅	9	都営浅草線/東日本橋駅	12.0	都営浅草線/浅草橋駅	5.0	105000.0	105000.0	0.0	-	115000.0	210000.0	8		0	1	0	0
347	アーバネックス秋葉原イースト	東京都台東区浅草橋５	ＪＲ山手線/秋葉原駅 歩9分	都営浅草線/東日本橋駅 歩12分	都営浅草線/浅草橋駅 歩5分	5.0	12.0	8階	108000.0	10000	10.8万円/10.8万円/-/-	1	24.65	ＪＲ山手線/秋葉原駅	9	都営浅草線/東日本橋駅	12.0	都営浅草線/浅草橋駅	5.0	108000.0	108000.0	0.0	-	118000.0	216000.0	8		0	1	0	0
348	アーバネックス秋葉原イースト	東京都台東区浅草橋５	ＪＲ山手線/秋葉原駅 歩9分	都営浅草線/東日本橋駅 歩12分	都営浅草線/浅草橋駅 歩5分	5.0	12.0	9階	200000.0	15000	20万円/20万円/-/-	2	51.13	ＪＲ山手線/秋葉原駅	9	都営浅草線/東日本橋駅	12.0	都営浅草線/浅草橋駅	5.0	200000.0	200000.0	0.0	-	215000.0	400000.0	9		1	0	1	0
349	ＪＲ山手線 秋葉原駅 12階建 築12年	東京都千代田区岩本町３	ＪＲ山手線/秋葉原駅 歩5分	ＪＲ総武線快速/馬喰町駅 歩7分	都営新宿線/岩本町駅 歩3分	5.0	12.0	8階	99000.0	0	9.9万円/9.9万円/-/-	1	31.01	ＪＲ山手線/秋葉原駅	5	ＪＲ総武線快速/馬喰町駅	7.0	都営新宿線/岩本町駅	3.0	99000.0	99000.0	0.0	-	99000.0	198000.0	8		0	0	0	0
350	ＪＲ山手線 秋葉原駅 12階建 築12年	東京都千代田区岩本町３	ＪＲ山手線/秋葉原駅 歩5分	ＪＲ総武線快速/馬喰町駅 歩7分	都営新宿線/岩本町駅 歩3分	5.0	12.0	8階	99000.0	0	9.9万円/9.9万円/-/-	1	31.01	ＪＲ山手線/秋葉原駅	5	ＪＲ総武線快速/馬喰町駅	7.0	都営新宿線/岩本町駅	3.0	99000.0	99000.0	0.0	-	99000.0	198000.0	8		0	0	0	0
351	ライオンズ台東入谷レフィール	東京都台東区下谷２	ＪＲ山手線/鶯谷駅 歩7分	東京メトロ日比谷線/入谷駅 歩3分	東京メトロ日比谷線/三ノ輪駅 歩16分	5.0	12.0	2階	180000.0	10000	18万円/18万円/-/-	3	62.72	ＪＲ山手線/鶯谷駅	7	東京メトロ日比谷線/入谷駅	3.0	東京メトロ日比谷線/三ノ輪駅	16.0	180000.0	180000.0	0.0	-	190000.0	360000.0	2		1	0	1	0
352	グラーナ上野	東京都台東区北上野１	東京メトロ日比谷線/入谷駅 歩3分	ＪＲ山手線/上野駅 歩9分	ＪＲ山手線/鶯谷駅 歩9分	5.0	12.0	9階	201000.0	9000	20.1万円/20.1万円/-/-	3	66.0	東京メトロ日比谷線/入谷駅	3	ＪＲ山手線/上野駅	9.0	ＪＲ山手線/鶯谷駅	9.0	201000.0	201000.0	0.0	-	210000.0	402000.0	9		1	0	1	0
353	ベルドミール日比	東京都台東区根岸３	ＪＲ山手線/鶯谷駅 歩5分	東京メトロ日比谷線/入谷駅 歩6分	ＪＲ山手線/日暮里駅 歩13分	5.0	12.0	1階	138000.0	10000	13.8万円/-/-/-	2	55.69	ＪＲ山手線/鶯谷駅	5	東京メトロ日比谷線/入谷駅	6.0	ＪＲ山手線/日暮里駅	13.0	138000.0	0.0	0.0	-	148000.0	138000.0	1		1	0	1	0
354	ベルドミール日比	東京都台東区根岸３	ＪＲ山手線/鶯谷駅 歩5分	東京メトロ日比谷線/入谷駅 歩6分	ＪＲ山手線/日暮里駅 歩13分	5.0	12.0	3階	138000.0	12000	13.8万円/-/-/-	2	55.69	ＪＲ山手線/鶯谷駅	5	東京メトロ日比谷線/入谷駅	6.0	ＪＲ山手線/日暮里駅	13.0	138000.0	0.0	0.0	-	150000.0	138000.0	3		1	0	1	0
355	パークアクシス元浅草ステージ	東京都台東区元浅草１	都営大江戸線/新御徒町駅 歩2分	東京メトロ銀座線/稲荷町駅 歩7分	ＪＲ山手線/御徒町駅 歩12分	5.0	12.0	5階	134000.0	8000	26.8万円/-/-/-	1	31.87	都営大江戸線/新御徒町駅	2	東京メトロ銀座線/稲荷町駅	7.0	ＪＲ山手線/御徒町駅	12.0	268000.0	0.0	0.0	-	142000.0	268000.0	5		1	0	0	0
356	パークアクシス元浅草ステージ	東京都台東区元浅草１	都営大江戸線/新御徒町駅 歩2分	東京メトロ銀座線/稲荷町駅 歩7分	ＪＲ山手線/御徒町駅 歩12分	5.0	12.0	3階	134000.0	8000	26.8万円/13.4万円/-/-	1	31.67	都営大江戸線/新御徒町駅	2	東京メトロ銀座線/稲荷町駅	7.0	ＪＲ山手線/御徒町駅	12.0	268000.0	134000.0	0.0	-	142000.0	402000.0	3		1	0	0	0
357	パークアクシス元浅草ステージ	東京都台東区元浅草１	都営大江戸線/新御徒町駅 歩2分	東京メトロ銀座線/稲荷町駅 歩7分	ＪＲ山手線/御徒町駅 歩12分	5.0	12.0	5階	138000.0	8000	27.6万円/13.8万円/-/-	1	31.87	都営大江戸線/新御徒町駅	2	東京メトロ銀座線/稲荷町駅	7.0	ＪＲ山手線/御徒町駅	12.0	276000.0	138000.0	0.0	-	146000.0	414000.0	5		1	0	0	0
358	パークアクシス元浅草ステージ	東京都台東区元浅草１	都営大江戸線/新御徒町駅 歩2分	東京メトロ銀座線/稲荷町駅 歩7分	ＪＲ山手線/御徒町駅 歩12分	5.0	12.0	16階	144000.0	8000	28.8万円/14.4万円/-/-	1	34.63	都営大江戸線/新御徒町駅	2	東京メトロ銀座線/稲荷町駅	7.0	ＪＲ山手線/御徒町駅	12.0	288000.0	144000.0	0.0	-	152000.0	432000.0	16		1	0	1	0
359	パークアクシス元浅草ステージ	東京都台東区元浅草１	都営大江戸線/新御徒町駅 歩2分	東京メトロ銀座線/稲荷町駅 歩7分	ＪＲ山手線/御徒町駅 歩12分	5.0	12.0	2階	168000.0	10000	33.6万円/16.8万円/-/-	2	47.42	都営大江戸線/新御徒町駅	2	東京メトロ銀座線/稲荷町駅	7.0	ＪＲ山手線/御徒町駅	12.0	336000.0	168000.0	0.0	-	178000.0	504000.0	2		1	0	1	0
360	パークアクシス元浅草ステージ	東京都台東区元浅草１	都営大江戸線/新御徒町駅 歩2分	東京メトロ銀座線/稲荷町駅 歩7分	ＪＲ山手線/御徒町駅 歩12分	5.0	12.0	11階	185000.0	10000	37万円/37万円/-/-	2	47.42	都営大江戸線/新御徒町駅	2	東京メトロ銀座線/稲荷町駅	7.0	ＪＲ山手線/御徒町駅	12.0	370000.0	370000.0	0.0	-	195000.0	740000.0	11		1	0	1	0
361	パークアクシス元浅草ステージ	東京都台東区元浅草１	都営大江戸線/新御徒町駅 歩2分	東京メトロ銀座線/稲荷町駅 歩7分	ＪＲ山手線/御徒町駅 歩12分	5.0	12.0	10階	187000.0	10000	37.4万円/37.4万円/-/-	2	50.13	都営大江戸線/新御徒町駅	2	東京メトロ銀座線/稲荷町駅	7.0	ＪＲ山手線/御徒町駅	12.0	374000.0	374000.0	0.0	-	197000.0	748000.0	10		1	0	1	0
362	パークアクシス元浅草ステージ	東京都台東区元浅草１	都営大江戸線/新御徒町駅 歩2分	東京メトロ銀座線/稲荷町駅 歩7分	ＪＲ山手線/御徒町駅 歩12分	5.0	12.0	3階	187000.0	10000	37.4万円/37.4万円/-/-	2	50.13	都営大江戸線/新御徒町駅	2	東京メトロ銀座線/稲荷町駅	7.0	ＪＲ山手線/御徒町駅	12.0	374000.0	374000.0	0.0	-	197000.0	748000.0	3		1	0	1	0
363	パークアクシス元浅草ステージ	東京都台東区元浅草１	都営大江戸線/新御徒町駅 歩2分	東京メトロ銀座線/稲荷町駅 歩7分	ＪＲ山手線/御徒町駅 歩12分	5.0	12.0	15階	190000.0	10000	38万円/38万円/-/-	2	47.42	都営大江戸線/新御徒町駅	2	東京メトロ銀座線/稲荷町駅	7.0	ＪＲ山手線/御徒町駅	12.0	380000.0	380000.0	0.0	-	200000.0	760000.0	15		1	0	1	0
364	パークアクシス元浅草ステージ	東京都台東区元浅草１	都営大江戸線/新御徒町駅 歩2分	東京メトロ銀座線/稲荷町駅 歩7分	ＪＲ山手線/御徒町駅 歩12分	5.0	12.0	14階	194000.0	10000	38.8万円/38.8万円/-/-	2	51.35	都営大江戸線/新御徒町駅	2	東京メトロ銀座線/稲荷町駅	7.0	ＪＲ山手線/御徒町駅	12.0	388000.0	388000.0	0.0	-	204000.0	776000.0	14		1	0	1	0
365	パークアクシス元浅草ステージ	東京都台東区元浅草１	都営大江戸線/新御徒町駅 歩2分	東京メトロ銀座線/稲荷町駅 歩7分	ＪＲ山手線/御徒町駅 歩12分	5.0	12.0	15階	197000.0	10000	39.4万円/39.4万円/-/-	2	52.9	都営大江戸線/新御徒町駅	2	東京メトロ銀座線/稲荷町駅	7.0	ＪＲ山手線/御徒町駅	12.0	394000.0	394000.0	0.0	-	207000.0	788000.0	15		1	0	1	0
366	パークアクシス浅草橋	東京都台東区柳橋２	都営浅草線/浅草橋駅 歩1分	都営浅草線/蔵前駅 歩8分	ＪＲ総武線/両国駅 歩14分	5.0	12.0	13階	98000.0	8000	9.8万円/9.8万円/-/-	1	22.94	都営浅草線/浅草橋駅	1	都営浅草線/蔵前駅	8.0	ＪＲ総武線/両国駅	14.0	98000.0	98000.0	0.0	-	106000.0	196000.0	13		0	0	0	0
367	パークアクシス浅草橋	東京都台東区柳橋２	都営浅草線/浅草橋駅 歩1分	都営浅草線/蔵前駅 歩8分	ＪＲ総武線/両国駅 歩14分	5.0	12.0	5階	167000.0	10000	16.7万円/16.7万円/-/-	2	46.88	都営浅草線/浅草橋駅	1	都営浅草線/蔵前駅	8.0	ＪＲ総武線/両国駅	14.0	167000.0	167000.0	0.0	-	177000.0	334000.0	5		1	0	1	0
368	パークアクシス浅草橋	東京都台東区柳橋２	都営浅草線/浅草橋駅 歩1分	都営浅草線/蔵前駅 歩8分	ＪＲ総武線/両国駅 歩14分	5.0	12.0	8階	169000.0	10000	16.9万円/16.9万円/-/-	2	46.88	都営浅草線/浅草橋駅	1	都営浅草線/蔵前駅	8.0	ＪＲ総武線/両国駅	14.0	169000.0	169000.0	0.0	-	179000.0	338000.0	8		1	0	1	0
369	パークアクシス浅草橋	東京都台東区柳橋２	都営浅草線/浅草橋駅 歩1分	都営浅草線/蔵前駅 歩8分	ＪＲ総武線/両国駅 歩14分	5.0	12.0	10階	175000.0	10000	17.5万円/17.5万円/-/-	2	46.88	都営浅草線/浅草橋駅	1	都営浅草線/蔵前駅	8.0	ＪＲ総武線/両国駅	14.0	175000.0	175000.0	0.0	-	185000.0	350000.0	10		1	0	1	0
370	パークアクシス浅草橋	東京都台東区柳橋２	都営浅草線/浅草橋駅 歩1分	都営浅草線/蔵前駅 歩8分	ＪＲ総武線/両国駅 歩14分	5.0	12.0	14階	178000.0	10000	17.8万円/17.8万円/-/-	2	46.31	都営浅草線/浅草橋駅	1	都営浅草線/蔵前駅	8.0	ＪＲ総武線/両国駅	14.0	178000.0	178000.0	0.0	-	188000.0	356000.0	14		1	0	1	0
371	パークアクシス浅草橋	東京都台東区柳橋２	都営浅草線/浅草橋駅 歩1分	都営浅草線/蔵前駅 歩8分	ＪＲ総武線/両国駅 歩14分	5.0	12.0	2階	189000.0	10000	18.9万円/18.9万円/-/-	2	55.91	都営浅草線/浅草橋駅	1	都営浅草線/蔵前駅	8.0	ＪＲ総武線/両国駅	14.0	189000.0	189000.0	0.0	-	199000.0	378000.0	2		1	0	1	0
372	都営浅草線 浅草橋駅 地下1地上14階建 築11年	東京都台東区柳橋２	都営浅草線/浅草橋駅 歩1分	都営浅草線/蔵前駅 歩6分	ＪＲ総武線/両国駅 歩14分	5.0	12.0	13階	98000.0	8000	9.8万円/9.8万円/-/-	1	22.94	都営浅草線/浅草橋駅	1	都営浅草線/蔵前駅	6.0	ＪＲ総武線/両国駅	14.0	98000.0	98000.0	0.0	-	106000.0	196000.0	13		0	0	0	0
373	都営浅草線 浅草橋駅 地下1地上14階建 築11年	東京都台東区柳橋２	都営浅草線/浅草橋駅 歩1分	都営浅草線/蔵前駅 歩6分	ＪＲ総武線/両国駅 歩14分	5.0	12.0	13階	98000.0	8000	9.8万円/9.8万円/-/-	1	22.94	都営浅草線/浅草橋駅	1	都営浅草線/蔵前駅	6.0	ＪＲ総武線/両国駅	14.0	98000.0	98000.0	0.0	-	106000.0	196000.0	13		0	0	0	0
374	都営浅草線 浅草橋駅 地下1地上14階建 築11年	東京都台東区柳橋２	都営浅草線/浅草橋駅 歩1分	都営浅草線/蔵前駅 歩6分	ＪＲ総武線/両国駅 歩14分	5.0	12.0	5階	167000.0	10000	16.7万円/16.7万円/-/-	2	46.88	都営浅草線/浅草橋駅	1	都営浅草線/蔵前駅	6.0	ＪＲ総武線/両国駅	14.0	167000.0	167000.0	0.0	-	177000.0	334000.0	5		1	0	1	0
375	都営浅草線 浅草橋駅 地下1地上14階建 築11年	東京都台東区柳橋２	都営浅草線/浅草橋駅 歩1分	都営浅草線/蔵前駅 歩6分	ＪＲ総武線/両国駅 歩14分	5.0	12.0	5階	167000.0	10000	16.7万円/16.7万円/-/-	2	46.88	都営浅草線/浅草橋駅	1	都営浅草線/蔵前駅	6.0	ＪＲ総武線/両国駅	14.0	167000.0	167000.0	0.0	-	177000.0	334000.0	5		1	0	1	0
376	都営浅草線 浅草橋駅 地下1地上14階建 築11年	東京都台東区柳橋２	都営浅草線/浅草橋駅 歩1分	都営浅草線/蔵前駅 歩6分	ＪＲ総武線/両国駅 歩14分	5.0	12.0	8階	169000.0	10000	16.9万円/16.9万円/-/-	2	46.88	都営浅草線/浅草橋駅	1	都営浅草線/蔵前駅	6.0	ＪＲ総武線/両国駅	14.0	169000.0	169000.0	0.0	-	179000.0	338000.0	8		1	0	1	0
377	都営浅草線 浅草橋駅 地下1地上14階建 築11年	東京都台東区柳橋２	都営浅草線/浅草橋駅 歩1分	都営浅草線/蔵前駅 歩6分	ＪＲ総武線/両国駅 歩14分	5.0	12.0	10階	175000.0	10000	17.5万円/17.5万円/-/-	2	46.88	都営浅草線/浅草橋駅	1	都営浅草線/蔵前駅	6.0	ＪＲ総武線/両国駅	14.0	175000.0	175000.0	0.0	-	185000.0	350000.0	10		1	0	1	0
378	都営浅草線 浅草橋駅 地下1地上14階建 築11年	東京都台東区柳橋２	都営浅草線/浅草橋駅 歩1分	都営浅草線/蔵前駅 歩6分	ＪＲ総武線/両国駅 歩14分			14階	178000.0	10000	17.8万円/17.8万円/-/-	2	46.31	都営浅草線/浅草橋駅	1	都営浅草線/蔵前駅	6.0	ＪＲ総武線/両国駅	14.0	178000.0	178000.0	0.0	-	188000.0	356000.0	14		1	0	1	0
379	モダーヴ西日暮里	東京都台東区谷中３	ＪＲ山手線/西日暮里駅 歩4分	東京メトロ千代田線/千駄木駅 歩7分	東京メトロ南北線/本駒込駅 歩17分			6階	185000.0	10000	37万円/18.5万円/-/-	2	81.52	ＪＲ山手線/西日暮里駅	4	東京メトロ千代田線/千駄木駅	7.0	東京メトロ南北線/本駒込駅	17.0	370000.0	185000.0	0.0	-	195000.0	555000.0	6		1	0	1	0
380	日興パレス三番町	東京都千代田区三番町	東京メトロ半蔵門線/半蔵門駅 歩8分	東京メトロ東西線/九段下駅 歩11分	ＪＲ中央線/市ヶ谷駅 歩11分			4階	69000.0	0	6.9万円/-/-/-	1	16.33	東京メトロ半蔵門線/半蔵門駅	8	東京メトロ東西線/九段下駅	11.0	ＪＲ中央線/市ヶ谷駅	11.0	69000.0	0.0	0.0	-	69000.0	69000.0	4		0	0	0	0
381	CQレジデンシャル上野	東京都台東区下谷１	ＪＲ山手線/上野駅 歩9分	東京メトロ日比谷線/入谷駅 歩2分	ＪＲ山手線/鶯谷駅 歩6分			3階	175000.0	0	17.5万円/17.5万円/-/-	2	52.09	ＪＲ山手線/上野駅	9	東京メトロ日比谷線/入谷駅	2.0	ＪＲ山手線/鶯谷駅	6.0	175000.0	175000.0	0.0	-	175000.0	350000.0	3		1	0	1	0
382	CQレジデンシャル上野	東京都台東区下谷１	ＪＲ山手線/上野駅 歩9分	東京メトロ日比谷線/入谷駅 歩2分	ＪＲ山手線/鶯谷駅 歩6分			3階	175000.0	0	17.5万円/17.5万円/-/-	2	52.09	ＪＲ山手線/上野駅	9	東京メトロ日比谷線/入谷駅	2.0	ＪＲ山手線/鶯谷駅	6.0	175000.0	175000.0	0.0	-	175000.0	350000.0	3		1	0	1	0
383	CQレジデンシャル上野	東京都台東区下谷１	ＪＲ山手線/上野駅 歩9分	東京メトロ日比谷線/入谷駅 歩2分	ＪＲ山手線/鶯谷駅 歩6分			5階	180000.0	5000	18万円/-/-/-	2	52.09	ＪＲ山手線/上野駅	9	東京メトロ日比谷線/入谷駅	2.0	ＪＲ山手線/鶯谷駅	6.0	180000.0	0.0	0.0	-	185000.0	180000.0	5		1	0	1	0
384	エコロジー柳橋レジデンス	東京都台東区柳橋２	都営浅草線/蔵前駅 歩5分	ＪＲ総武線/浅草橋駅 歩6分	都営大江戸線/両国駅 歩15分			10階	130000.0	7000	13万円/13万円/-/-	1	37.7	都営浅草線/蔵前駅	5	ＪＲ総武線/浅草橋駅	6.0	都営大江戸線/両国駅	15.0	130000.0	130000.0	0.0	-	137000.0	260000.0	10		1	0	1	0
385	エコロジー柳橋レジデンス	東京都台東区柳橋２	都営浅草線/蔵前駅 歩5分	ＪＲ総武線/浅草橋駅 歩6分	都営大江戸線/両国駅 歩15分			11階	178000.0	10000	17.8万円/17.8万円/-/-	2	49.32	都営浅草線/蔵前駅	5	ＪＲ総武線/浅草橋駅	6.0	都営大江戸線/両国駅	15.0	178000.0	178000.0	0.0	-	188000.0	356000.0	11		1	0	1	0
386	ＪＲ山手線 上野駅 3階建 築18年	東京都台東区根岸３	ＪＲ山手線/上野駅 歩14分	ＪＲ山手線/鶯谷駅 歩4分	東京メトロ日比谷線/入谷駅 歩6分			1階	138000.0	10000	13.8万円/-/-/-	2	55.69	ＪＲ山手線/上野駅	14	ＪＲ山手線/鶯谷駅	4.0	東京メトロ日比谷線/入谷駅	6.0	138000.0	0.0	0.0	-	148000.0	138000.0	1		1	0	1	0
387	ＪＲ山手線 上野駅 3階建 築18年	東京都台東区根岸３	ＪＲ山手線/上野駅 歩14分	ＪＲ山手線/鶯谷駅 歩4分	東京メトロ日比谷線/入谷駅 歩6分			3階	138000.0	12000	13.8万円/-/-/-	2	55.69	ＪＲ山手線/上野駅	14	ＪＲ山手線/鶯谷駅	4.0	東京メトロ日比谷線/入谷駅	6.0	138000.0	0.0	0.0	-	150000.0	138000.0	3		1	0	1	0
388	東京メトロ銀座線 田原町駅 10階建 築6年	東京都台東区寿３	東京メトロ銀座線/田原町駅 歩5分	都営浅草線/蔵前駅 歩8分	つくばエクスプレス/浅草駅 歩13分			3階	83000.0	6000	8.3万円/8.3万円/-/-	1	25.0	東京メトロ銀座線/田原町駅	5	都営浅草線/蔵前駅	8.0	つくばエクスプレス/浅草駅	13.0	83000.0	83000.0	0.0	-	89000.0	166000.0	3		0	1	0	0
389	東京メトロ銀座線 田原町駅 10階建 築6年	東京都台東区寿３	東京メトロ銀座線/田原町駅 歩5分	都営浅草線/蔵前駅 歩8分	つくばエクスプレス/浅草駅 歩13分			10階	165000.0	0	16.5万円/16.5万円/-/-	2	50.0	東京メトロ銀座線/田原町駅	5	都営浅草線/蔵前駅	8.0	つくばエクスプレス/浅草駅	13.0	165000.0	165000.0	0.0	-	165000.0	330000.0	10		1	0	0	0
390	都営浅草線 蔵前駅 10階建 築5年	東京都台東区三筋１	都営浅草線/蔵前駅 歩7分	ＪＲ総武線/浅草橋駅 歩9分	都営大江戸線/新御徒町駅 歩7分			6階	105000.0	7500	10.5万円/21万円/-/-	1	31.74	都営浅草線/蔵前駅	7	ＪＲ総武線/浅草橋駅	9.0	都営大江戸線/新御徒町駅	7.0	105000.0	210000.0	0.0	-	112500.0	315000.0	6		1	0	0	0
391	都営浅草線 蔵前駅 10階建 築5年	東京都台東区三筋１	都営浅草線/蔵前駅 歩7分	ＪＲ総武線/浅草橋駅 歩9分	都営大江戸線/新御徒町駅 歩7分			5階	139000.0	7500	13.9万円/27.8万円/-/-	1	43.56	都営浅草線/蔵前駅	7	ＪＲ総武線/浅草橋駅	9.0	都営大江戸線/新御徒町駅	7.0	139000.0	278000.0	0.0	-	146500.0	417000.0	5		1	0	1	1
392	都営浅草線 蔵前駅 10階建 築5年	東京都台東区三筋１	都営浅草線/蔵前駅 歩7分	ＪＲ総武線/浅草橋駅 歩9分	都営大江戸線/新御徒町駅 歩7分			6階	144000.0	7500	14.4万円/28.8万円/-/-	1	46.78	都営浅草線/蔵前駅	7	ＪＲ総武線/浅草橋駅	9.0	都営大江戸線/新御徒町駅	7.0	144000.0	288000.0	0.0	-	151500.0	432000.0	6		1	0	1	0
393	ロイヤルトーリータワーズ	東京都台東区竜泉３	東京メトロ日比谷線/三ノ輪駅 歩8分	東京メトロ日比谷線/入谷駅 歩11分	都電荒川線/三ノ輪橋駅 歩13分			8階	169000.0	10000	16.9万円/16.9万円/-/-	2	74.84	東京メトロ日比谷線/三ノ輪駅	8	東京メトロ日比谷線/入谷駅	11.0	都電荒川線/三ノ輪橋駅	13.0	169000.0	169000.0	0.0	-	179000.0	338000.0	8		1	0	1	0
394	パークアクシス浅草・田原町	東京都台東区寿４	都営浅草線/浅草駅 歩5分	東京メトロ銀座線/田原町駅 歩2分	都営大江戸線/蔵前駅 歩6分			12階	110000.0	10000	22万円/11万円/-/-	1	25.96	都営浅草線/浅草駅	5	東京メトロ銀座線/田原町駅	2.0	都営大江戸線/蔵前駅	6.0	220000.0	110000.0	0.0	-	120000.0	330000.0	12		0	1	0	0
395	パークアクシス浅草・田原町	東京都台東区寿４	都営浅草線/浅草駅 歩5分	東京メトロ銀座線/田原町駅 歩2分	都営大江戸線/蔵前駅 歩6分			11階	115000.0	10000	23万円/11.5万円/-/-	1	25.89	都営浅草線/浅草駅	5	東京メトロ銀座線/田原町駅	2.0	都営大江戸線/蔵前駅	6.0	230000.0	115000.0	0.0	-	125000.0	345000.0	11		0	1	0	0
396	パークアクシス浅草・田原町	東京都台東区寿４	都営浅草線/浅草駅 歩5分	東京メトロ銀座線/田原町駅 歩2分	都営大江戸線/蔵前駅 歩6分			12階	117000.0	10000	23.4万円/11.7万円/-/-	1	25.96	都営浅草線/浅草駅	5	東京メトロ銀座線/田原町駅	2.0	都営大江戸線/蔵前駅	6.0	234000.0	117000.0	0.0	-	127000.0	351000.0	12		0	1	0	0
397	パークアクシス浅草・田原町	東京都台東区寿４	都営浅草線/浅草駅 歩5分	東京メトロ銀座線/田原町駅 歩2分	都営大江戸線/蔵前駅 歩6分			10階	147000.0	12000	29.4万円/14.7万円/-/-	1	32.77	都営浅草線/浅草駅	5	東京メトロ銀座線/田原町駅	2.0	都営大江戸線/蔵前駅	6.0	294000.0	147000.0	0.0	-	159000.0	441000.0	10		1	0	1	0
398	パークアクシス浅草・田原町	東京都台東区寿４	都営浅草線/浅草駅 歩5分	東京メトロ銀座線/田原町駅 歩2分	都営大江戸線/蔵前駅 歩6分			10階	152000.0	12000	30.4万円/15.2万円/-/-	1	32.77	都営浅草線/浅草駅	5	東京メトロ銀座線/田原町駅	2.0	都営大江戸線/蔵前駅	6.0	304000.0	152000.0	0.0	-	164000.0	456000.0	10		1	0	1	0
399	パークアクシス浅草・田原町	東京都台東区寿４	都営浅草線/浅草駅 歩5分	東京メトロ銀座線/田原町駅 歩2分	都営大江戸線/蔵前駅 歩6分			13階	153000.0	12000	30.6万円/15.3万円/-/-	1	32.77	都営浅草線/浅草駅	5	東京メトロ銀座線/田原町駅	2.0	都営大江戸線/蔵前駅	6.0	306000.0	153000.0	0.0	-	165000.0	459000.0	13		1	0	1	0
400	パークアクシス浅草・田原町	東京都台東区寿４	都営浅草線/浅草駅 歩5分	東京メトロ銀座線/田原町駅 歩2分	都営大江戸線/蔵前駅 歩6分			3階	157000.0	12000	31.4万円/15.7万円/-/-	1	41.27	都営浅草線/浅草駅	5	東京メトロ銀座線/田原町駅	2.0	都営大江戸線/蔵前駅	6.0	314000.0	157000.0	0.0	-	169000.0	471000.0	3		1	0	1	0
401	パークアクシス浅草・田原町	東京都台東区寿４	都営浅草線/浅草駅 歩5分	東京メトロ銀座線/田原町駅 歩2分	都営大江戸線/蔵前駅 歩6分			6階	167000.0	12000	33.4万円/16.7万円/-/-	1	42.57	都営浅草線/浅草駅	5	東京メトロ銀座線/田原町駅	2.0	都営大江戸線/蔵前駅	6.0	334000.0	167000.0	0.0	-	179000.0	501000.0	6		1	0	1	0
402	パークアクシス浅草・田原町	東京都台東区寿４	都営浅草線/浅草駅 歩5分	東京メトロ銀座線/田原町駅 歩2分	都営大江戸線/蔵前駅 歩6分			14階	229000.0	15000	45.8万円/22.9万円/-/-	2	53.1	都営浅草線/浅草駅	5	東京メトロ銀座線/田原町駅	2.0	都営大江戸線/蔵前駅	6.0	458000.0	229000.0	0.0	-	244000.0	687000.0	14		1	0	1	0
403	メゾンド根岸	東京都台東区根岸２	ＪＲ山手線/鶯谷駅 歩2分	ＪＲ京浜東北線/日暮里駅 歩10分	東京メトロ日比谷線/入谷駅 歩10分			3階	129000.0	4000	12.9万円/12.9万円/-/-	3	49.29	ＪＲ山手線/鶯谷駅	2	ＪＲ京浜東北線/日暮里駅	10.0	東京メトロ日比谷線/入谷駅	10.0	129000.0	129000.0	0.0	-	133000.0	258000.0	3		1	0	0	0
404	フェルクルール上野根岸	東京都台東区根岸２	ＪＲ山手線/鶯谷駅 歩5分	ＪＲ京浜東北線/日暮里駅 歩7分	ＪＲ山手線/日暮里駅 歩7分			2階	78500.0	10000	7.85万円/7.85万円/-/-	1	25.29	ＪＲ山手線/鶯谷駅	5	ＪＲ京浜東北線/日暮里駅	7.0	ＪＲ山手線/日暮里駅	7.0	78500.0	78500.0	0.0	-	88500.0	157000.0	2		0	1	0	0
405	フェルクルール上野根岸	東京都台東区根岸２	ＪＲ山手線/鶯谷駅 歩5分	ＪＲ京浜東北線/日暮里駅 歩7分	ＪＲ山手線/日暮里駅 歩7分			5階	87000.0	10500	-/8.7万円/-/-	1	26.44	ＪＲ山手線/鶯谷駅	5	ＪＲ京浜東北線/日暮里駅	7.0	ＪＲ山手線/日暮里駅	7.0	0.0	87000.0	0.0	-	97500.0	87000.0	5		0	1	0	0
406	フェルクルール上野根岸	東京都台東区根岸２	ＪＲ山手線/鶯谷駅 歩5分	ＪＲ京浜東北線/日暮里駅 歩7分	ＪＲ山手線/日暮里駅 歩7分			5階	92000.0	10500	-/9.2万円/-/-	1	26.44	ＪＲ山手線/鶯谷駅	5	ＪＲ京浜東北線/日暮里駅	7.0	ＪＲ山手線/日暮里駅	7.0	0.0	92000.0	0.0	-	102500.0	92000.0	5		0	1	0	0
407	フェルクルール上野根岸	東京都台東区根岸２	ＪＲ山手線/鶯谷駅 歩5分	ＪＲ京浜東北線/日暮里駅 歩7分	ＪＲ山手線/日暮里駅 歩7分			7階	125000.0	12000	12.5万円/12.5万円/-/12.5万円	1	44.53	ＪＲ山手線/鶯谷駅	5	ＪＲ京浜東北線/日暮里駅	7.0	ＪＲ山手線/日暮里駅	7.0	125000.0	125000.0	0.0	12.5万円	137000.0	250000.0	7		1	0	1	0
408	フェルクルール上野根岸	東京都台東区根岸２	ＪＲ山手線/鶯谷駅 歩5分	ＪＲ京浜東北線/日暮里駅 歩7分	ＪＲ山手線/日暮里駅 歩7分			7階	129000.0	12000	12.9万円/-/-/-	1	45.45	ＪＲ山手線/鶯谷駅	5	ＪＲ京浜東北線/日暮里駅	7.0	ＪＲ山手線/日暮里駅	7.0	129000.0	0.0	0.0	-	141000.0	129000.0	7		1	0	1	0
409	ＪＲ山手線 秋葉原駅 11階建 築12年	東京都台東区上野５	ＪＲ山手線/秋葉原駅 歩7分	東京メトロ銀座線/末広町駅 歩4分	ＪＲ山手線/御徒町駅 歩5分			2階	128000.0	7000	12.8万円/12.8万円/-/-	2	30.56	ＪＲ山手線/秋葉原駅	7	東京メトロ銀座線/末広町駅	4.0	ＪＲ山手線/御徒町駅	5.0	128000.0	128000.0	0.0	-	135000.0	256000.0	2		0	1	0	0
410	ＪＲ山手線 秋葉原駅 11階建 築12年	東京都台東区上野５	ＪＲ山手線/秋葉原駅 歩7分	東京メトロ銀座線/末広町駅 歩4分	ＪＲ山手線/御徒町駅 歩5分			2階	130000.0	7000	13万円/13万円/-/-	1	30.56	ＪＲ山手線/秋葉原駅	7	東京メトロ銀座線/末広町駅	4.0	ＪＲ山手線/御徒町駅	5.0	130000.0	130000.0	0.0	-	137000.0	260000.0	2		1	0	1	0
411	ＪＲ山手線 秋葉原駅 11階建 築12年	東京都台東区上野５	ＪＲ山手線/秋葉原駅 歩7分	東京メトロ銀座線/末広町駅 歩4分	ＪＲ山手線/御徒町駅 歩5分			2階	130000.0	7000	26万円/13万円/-/-	2	30.56	ＪＲ山手線/秋葉原駅	7	東京メトロ銀座線/末広町駅	4.0	ＪＲ山手線/御徒町駅	5.0	260000.0	130000.0	0.0	-	137000.0	390000.0	2		0	1	0	0
412	ＪＲ山手線 秋葉原駅 11階建 築12年	東京都台東区上野５	ＪＲ山手線/秋葉原駅 歩7分	東京メトロ銀座線/末広町駅 歩4分	ＪＲ山手線/御徒町駅 歩5分			11階	134000.0	7000	26.8万円/13.4万円/-/-	1	30.56	ＪＲ山手線/秋葉原駅	7	東京メトロ銀座線/末広町駅	4.0	ＪＲ山手線/御徒町駅	5.0	268000.0	134000.0	0.0	-	141000.0	402000.0	11		1	0	1	0
413	ＪＲ山手線 秋葉原駅 11階建 築12年	東京都台東区上野５	ＪＲ山手線/秋葉原駅 歩7分	東京メトロ銀座線/末広町駅 歩4分	ＪＲ山手線/御徒町駅 歩5分			6階	137000.0	7000	13.7万円/13.7万円/-/-	1	35.09	ＪＲ山手線/秋葉原駅	7	東京メトロ銀座線/末広町駅	4.0	ＪＲ山手線/御徒町駅	5.0	137000.0	137000.0	0.0	-	144000.0	274000.0	6		1	0	1	0
414	ＪＲ山手線 秋葉原駅 11階建 築12年	東京都台東区上野５	ＪＲ山手線/秋葉原駅 歩7分	東京メトロ銀座線/末広町駅 歩4分	ＪＲ山手線/御徒町駅 歩5分			6階	139000.0	7000	27.8万円/13.9万円/-/-	1	35.09	ＪＲ山手線/秋葉原駅	7	東京メトロ銀座線/末広町駅	4.0	ＪＲ山手線/御徒町駅	5.0	278000.0	139000.0	0.0	-	146000.0	417000.0	6		1	0	1	0
415	ＪＲ山手線 秋葉原駅 11階建 築12年	東京都台東区上野５	ＪＲ山手線/秋葉原駅 歩7分	東京メトロ銀座線/末広町駅 歩4分	ＪＲ山手線/御徒町駅 歩5分			6階	139000.0	7000	27.8万円/13.9万円/-/-	1	30.56	ＪＲ山手線/秋葉原駅	7	東京メトロ銀座線/末広町駅	4.0	ＪＲ山手線/御徒町駅	5.0	278000.0	139000.0	0.0	-	146000.0	417000.0	6		1	0	1	0
416	カーサ　ブリリア	東京都台東区竜泉１	東京メトロ日比谷線/入谷駅 歩4分	ＪＲ山手線/鶯谷駅 歩14分	つくばエクスプレス/浅草駅 歩18分			2階	115000.0	7000	11.5万円/11.5万円/-/-	1	40.22	東京メトロ日比谷線/入谷駅	4	ＪＲ山手線/鶯谷駅	14.0	つくばエクスプレス/浅草駅	18.0	115000.0	115000.0	0.0	-	122000.0	230000.0	2		1	0	0	0
417	カーサ　ブリリア	東京都台東区竜泉１	東京メトロ日比谷線/入谷駅 歩4分	ＪＲ山手線/鶯谷駅 歩14分	つくばエクスプレス/浅草駅 歩18分			6階	123000.0	7000	12.3万円/12.3万円/-/-	1	45.43	東京メトロ日比谷線/入谷駅	4	ＪＲ山手線/鶯谷駅	14.0	つくばエクスプレス/浅草駅	18.0	123000.0	123000.0	0.0	-	130000.0	246000.0	6		1	0	1	0
418	LA.Suite上野	東京都台東区北上野１	東京メトロ日比谷線/入谷駅 歩4分	ＪＲ山手線/上野駅 歩8分	ＪＲ京浜東北線/鶯谷駅 歩9分			11階	94000.0	10000	-/-/-/-	1	28.57	東京メトロ日比谷線/入谷駅	4	ＪＲ山手線/上野駅	8.0	ＪＲ京浜東北線/鶯谷駅	9.0	0.0	0.0	0.0	-	104000.0	0.0	11		0	0	0	0
419	LA.Suite上野	東京都台東区北上野１	東京メトロ日比谷線/入谷駅 歩4分	ＪＲ山手線/上野駅 歩8分	ＪＲ京浜東北線/鶯谷駅 歩9分			11階	99000.0	10000	-/9.9万円/-/-	1	28.57	東京メトロ日比谷線/入谷駅	4	ＪＲ山手線/上野駅	8.0	ＪＲ京浜東北線/鶯谷駅	9.0	0.0	99000.0	0.0	-	109000.0	99000.0	11		0	0	0	0
420	LA.Suite上野	東京都台東区北上野１	東京メトロ日比谷線/入谷駅 歩4分	ＪＲ山手線/上野駅 歩8分	ＪＲ京浜東北線/鶯谷駅 歩9分			11階	102000.0	10000	-/10.2万円/-/-	1	28.57	東京メトロ日比谷線/入谷駅	4	ＪＲ山手線/上野駅	8.0	ＪＲ京浜東北線/鶯谷駅	9.0	0.0	102000.0	0.0	-	112000.0	102000.0	11		0	0	0	0
421	LA.Suite上野	東京都台東区北上野１	東京メトロ日比谷線/入谷駅 歩4分	ＪＲ山手線/上野駅 歩8分	ＪＲ京浜東北線/鶯谷駅 歩9分			9階	124000.0	8000	-/12.4万円/-/-	1	34.71	東京メトロ日比谷線/入谷駅	4	ＪＲ山手線/上野駅	8.0	ＪＲ京浜東北線/鶯谷駅	9.0	0.0	124000.0	0.0	-	132000.0	124000.0	9		1	0	1	0
422	LA.Suite上野	東京都台東区北上野１	東京メトロ日比谷線/入谷駅 歩4分	ＪＲ山手線/上野駅 歩8分	ＪＲ京浜東北線/鶯谷駅 歩9分			9階	124000.0	10000	-/12.4万円/-/-	1	34.71	東京メトロ日比谷線/入谷駅	4	ＪＲ山手線/上野駅	8.0	ＪＲ京浜東北線/鶯谷駅	9.0	0.0	124000.0	0.0	-	134000.0	124000.0	9		1	0	1	0
423	スカイテラス浅草	東京都台東区寿３	都営大江戸線/蔵前駅 歩3分	東京メトロ銀座線/浅草駅 歩6分	都営浅草線/浅草駅 歩7分			3階	83000.0	6000	8.3万円/8.3万円/-/-	1	25.0	都営大江戸線/蔵前駅	3	東京メトロ銀座線/浅草駅	6.0	都営浅草線/浅草駅	7.0	83000.0	83000.0	0.0	-	89000.0	166000.0	3		0	1	0	0
424	スカイテラス浅草	東京都台東区寿３	都営大江戸線/蔵前駅 歩3分	東京メトロ銀座線/浅草駅 歩6分	都営浅草線/浅草駅 歩7分			10階	165000.0	0	16.5万円/16.5万円/-/-	2	50.0	都営大江戸線/蔵前駅	3	東京メトロ銀座線/浅草駅	6.0	都営浅草線/浅草駅	7.0	165000.0	165000.0	0.0	-	165000.0	330000.0	10		1	0	0	0
